true_value,加权融合,所有模型平均,基础GRU,LSTM_Attention,GRU_Attention,基础LSTM,Attention模型平均,LSTM_Attention_XGBoost,Stacking融合,Stacked LSTM_Attention
2889.0,2856.8633,2856.9958,2852.9158,2858.1538,2862.2915,2854.8086,2859.0847,2877.0422,2839.6005241795324,2856.8093
2885.0,2858.7566,2858.5789,2868.4873,2856.3347,2861.7417,2853.2153,2857.0637,2875.2231,2847.196009665183,2853.1145
2896.0,2860.1484,2859.817,2875.1992,2856.5405,2863.6348,2853.3533,2856.8442,2874.6213,2851.0378135471574,2850.358
2906.0,2859.0532,2858.8496,2864.269,2858.459,2868.296,2855.443,2858.1782,2876.7983,2846.6634311063153,2847.7798
2901.9999999999995,2868.9878,2868.3364,2891.501,2864.6543,2875.5369,2861.586,2862.865,2882.2498,2864.0631724942155,2848.4036
2887.0,2872.2087,2871.6958,2886.257,2870.373,2883.0115,2867.138,2868.361,2888.9717,2863.9211946250834,2851.6992
2863.0,2874.2983,2873.9714,2878.5857,2875.3984,2887.991,2871.993,2873.093,2893.124,2862.096176491897,2855.8892
2855.0,2871.961,2872.0513,2858.5317,2877.5754,2888.8975,2873.944,2875.9268,2896.4583,2852.1605288897495,2861.308
2842.0,2868.3894,2868.9941,2834.271,2879.1165,2888.0273,2875.2222,2878.4927,2897.5132,2839.5276664301205,2868.334
2840.0,2867.4941,2868.063,2838.103,2876.4773,2884.4692,2872.314,2876.632,2894.037,2839.9452645965307,2868.95
2834.0,2866.519,2866.8826,2853.0188,2869.9832,2875.5833,2866.0747,2871.773,2886.7292,2844.2777522579195,2869.7524
2869.0,2860.0344,2860.4753,2845.366,2863.2302,2867.4546,2859.685,2865.775,2880.5159,2837.1903225510455,2866.6406
2951.0,2860.3284,2860.4348,2866.683,2856.4453,2860.8467,2853.1113,2860.7932,2872.876,2844.866084717234,2865.0874
2924.0,2872.8267,2871.9246,2921.1868,2858.4539,2866.3743,2855.4995,2860.9788,2876.269,2875.163946998266,2858.1077
2914.0,2875.4194,2874.4814,2913.8616,2865.979,2879.7017,2862.3352,2865.4036,2882.827,2875.8440196237,2850.5295
2919.0,2881.5088,2880.5352,2913.3894,2875.8628,2892.0093,2871.5295,2872.5857,2892.467,2880.6743871772824,2849.885
2917.0,2885.8157,2885.0757,2899.9463,2886.6375,2903.7983,2881.9207,2881.1704,2903.2412,2878.9580673256482,2853.0754
2949.0000000000005,2896.4165,2895.843,2903.2964,2899.332,2915.527,2894.2979,2893.874,2915.3345,2885.8880890326413,2866.7625
2970.0,2912.629,2911.6965,2935.7122,2911.752,2927.5432,2906.2715,2905.4995,2927.452,2908.105201734389,2877.2034
2967.0,2924.457,2923.3794,2953.193,2922.6846,2938.5378,2916.6033,2915.7,2938.6914,2921.87379382811,2885.877
2991.0,2935.731,2934.5317,2970.7817,2932.1355,2948.1594,2925.979,2925.2996,2947.8354,2934.975503608176,2895.6038
3008.0,2948.8416,2947.504,2992.11,2942.5205,2959.4766,2936.221,2936.3965,2958.2207,2950.2584744986398,2907.192
3014.0,2957.477,2956.403,2986.4136,2955.3965,2973.9783,2948.5732,2949.0095,2971.4028,2952.7851349664543,2917.6536
2985.0,2969.9846,2968.8467,2998.9995,2968.5986,2989.1592,2961.1367,2961.366,2984.0942,2965.1535569100374,2926.339
2967.0,2973.8203,2973.0688,2981.3323,2979.23,3000.2522,2971.093,2970.9731,2994.7253,2960.607956542972,2933.437
2994.0,2976.7944,2976.4429,2967.1328,2986.7883,3006.5442,2978.1357,2978.9822,3002.7952,2955.9642892752227,2943.6138
2986.0,2982.2847,2982.1152,2969.4758,2992.7598,3009.2004,2983.1663,2985.9783,3008.7664,2958.7174738843037,2955.9744
3030.0,2985.4075,2985.319,2972.711,2995.4495,3010.0215,2985.2756,2989.5364,3011.456,2960.8566692507225,2963.1377
3044.0,2997.2869,2996.5771,3014.546,2999.4534,3013.7485,2988.9326,2993.1357,3015.1533,2984.3122847076957,2966.2058
3022.0,3000.7188,2999.9045,3023.8606,3001.2017,3015.7456,2990.3328,2995.1096,3017.448,2989.706846981165,2968.3813
2991.0,2995.1956,2995.0098,2990.4954,3002.2444,3017.5518,2991.7415,2997.6038,3018.5928,2972.483420057928,2973.0156
2988.0,2992.3516,2992.5256,2969.3037,3004.6584,3020.8064,2993.7434,2999.8606,3020.9048,2962.442774474357,2974.1165
2964.0,2986.7427,2987.4807,2938.911,3005.4124,3022.3062,2993.6204,3001.6248,3022.9912,2946.306983257278,2977.1553
2967.0,2986.7407,2987.375,2943.4194,3004.6821,3021.494,2992.1946,3000.42,3021.9546,2948.2287985895264,2975.0835
2972.0,2984.4897,2985.1592,2942.9548,3001.5786,3016.9573,2988.5483,2998.0977,3019.362,2946.0617771033412,2975.757
2993.0000000000005,2984.5544,2985.0813,2957.9531,2996.1978,3009.0222,2982.7654,2994.8962,3013.6743,2950.446862016066,2979.4692
3000.0,2978.5896,2979.2227,2950.752,2989.705,3002.2139,2976.1157,2989.7485,3007.4885,2943.3803540749327,2977.326
3010.0,2980.4358,2980.7327,2969.3865,2986.7527,3000.0398,2973.085,2987.064,3004.536,2951.7627225169776,2974.3997
3007.0,2979.4177,2979.629,2970.718,2985.216,3001.0078,2971.2947,2985.3772,3002.9993,2951.961623467583,2969.9077
2998.0,2982.3496,2982.3433,2979.1853,2987.7312,3004.844,2973.7102,2986.2734,3005.0034,2958.074899628816,2966.245
3010.0,2983.2935,2983.324,2974.8782,2990.9646,3008.8115,2976.7112,2988.3438,3008.4414,2957.584597491873,2965.2546
2983.9999999999995,2986.1304,2986.2678,2971.324,2996.006,3013.4377,2981.5842,2992.8105,3013.7896,2957.978290214345,2968.9875
2955.0,2986.867,2987.1177,2965.2883,2999.0186,3015.488,2984.756,2995.1814,3016.802,2956.326315086797,2971.0376
2942.9999999999995,2982.5427,2983.1807,2945.0745,2998.4685,3012.873,2984.6016,2995.4092,3014.817,2945.285419924127,2974.886
2936.0,2974.9973,2975.9443,2927.8384,2992.225,3004.8982,2978.9626,2990.9731,3008.778,2933.1236010604307,2975.7964
2944.0,2966.7913,2967.9937,2915.5576,2983.0745,2993.632,2970.452,2984.653,3000.347,2921.9282289640364,2977.2522
2922.0,2958.5686,2959.7983,2910.07,2973.0808,2982.7202,2960.788,2976.0447,2990.6597,2914.3936898629267,2972.3325
2935.0,2945.7698,2947.189,2890.3586,2961.499,2971.1836,2949.3403,2965.415,2979.078,2898.936175183683,2963.5627
2875.0,2939.9727,2940.9866,2905.0103,2949.8074,2958.794,2938.1938,2953.9094,2967.2842,2901.685195016092,2953.1272
2875.0,2924.4587,2925.872,2871.9915,2938.6858,2946.4277,2927.3135,2943.352,2956.1626,2879.5702429390276,2944.9421
2891.0,2911.6262,2913.3123,2849.1914,2927.654,2935.324,2916.4612,2933.636,2945.4375,2862.619547023301,2937.93
2881.0,2906.1877,2907.5083,2862.4824,2916.1956,2925.552,2905.7188,2923.1135,2933.979,2864.759987435905,2927.593
2896.0,2898.1697,2899.3926,2860.2778,2905.6719,2916.7942,2895.855,2913.6094,2923.2507,2859.18821978248,2918.3623
2851.0,2894.9912,2895.865,2871.7563,2898.8794,2910.2024,2889.4202,2906.0496,2916.458,2862.702367907349,2909.0674
2867.0000000000005,2878.8608,2880.251,2830.541,2889.5667,2901.2222,2880.002,2896.904,2907.0435,2837.222862554469,2899.923
2886.0,2872.6133,2873.8894,2828.735,2882.2576,2893.499,2873.1235,2889.196,2899.7344,2833.4529021226936,2891.8318
2888.0,2874.2258,2875.0928,2849.2605,2879.1926,2889.9316,2869.7996,2885.4675,2896.6694,2842.922036276306,2887.2788
2880.0,2871.5488,2872.477,2844.8608,2876.65,2888.7324,2866.7651,2883.5864,2894.1267,2839.236236520845,2885.3772
2887.0,2869.637,2870.3877,2847.2632,2874.2793,2888.8494,2864.223,2880.1506,2892.0625,2839.990423906332,2877.3237
2905.0000000000005,2873.0276,2873.5312,2862.722,2874.6455,2888.5635,2864.2776,2880.2188,2892.4287,2848.119398477821,2877.448
2901.9999999999995,2876.379,2876.8052,2868.4841,2877.9224,2891.11,2867.3557,2882.7288,2895.7056,2852.6412050161957,2879.1538
2900.0,2879.8816,2880.2046,2871.9644,2882.8792,2896.5679,2871.806,2885.7507,2900.356,2857.0794844241454,2877.8054
2857.0,2879.854,2880.3362,2862.1514,2886.0369,2900.3281,2874.7415,2888.2625,2903.82,2853.503533616934,2878.422
2829.0,2874.849,2875.837,2835.3542,2886.5674,2899.5159,2875.1326,2889.5662,2904.1462,2839.3459598950726,2882.6152
2786.0,2862.3757,2864.1843,2791.1035,2881.1292,2891.9375,2869.575,2886.7478,2897.8784,2812.8629833027467,2887.1765
2797.0,2851.8499,2853.9785,2774.272,2870.6562,2877.7764,2859.0813,2878.8464,2887.4058,2798.4385960308537,2888.1062
2815.0,2838.428,2840.7114,2762.187,2854.8857,2859.6777,2843.6187,2865.917,2871.6355,2784.380027016724,2883.1873
2811.0,2830.6355,2832.55,2777.8298,2839.428,2842.007,2828.75,2852.0566,2856.1772,2785.4413820258333,2874.7354
2780.0,2820.0505,2821.6785,2781.0242,2824.7766,2828.0593,2814.5522,2837.605,2841.5261,2781.044750479608,2859.9797
2704.0,2801.4167,2803.3154,2751.1643,2808.2898,2812.6638,2798.4985,2822.3044,2824.5564,2758.3432896997783,2845.96
2719.0,2777.9817,2780.4497,2699.156,2792.8047,2796.1445,2783.532,2806.52,2809.0107,2724.9211442569117,2830.6116
2690.9999999999995,2762.3298,2764.9895,2680.8467,2775.9841,2779.7612,2766.936,2792.388,2792.2507,2707.4255738166426,2821.4185
2688.0,2743.8987,2746.7866,2653.1528,2759.475,2762.747,2750.8816,2776.6328,2775.6814,2685.8708419227423,2807.6758
2718.0,2734.192,2736.5393,2667.72,2743.9421,2746.009,2735.257,2759.9065,2760.1484,2687.1350396316025,2789.7686
2726.0,2732.9482,2734.4485,2708.7942,2730.6125,2733.349,2722.2104,2747.0796,2747.7273,2702.8371453422283,2777.2769
2743.0,2726.205,2727.2366,2719.7532,2719.8945,2724.2393,2711.8147,2734.8716,2737.0095,2704.768478303913,2760.481
2711.0,2724.652,2725.3958,2729.6216,2715.4373,2721.1611,2707.755,2729.8674,2732.7664,2708.472574812773,2753.0042
2705.0,2712.782,2714.0598,2686.66,2713.4165,2720.112,2705.217,2726.1409,2730.087,2685.730584671462,2744.8943
2707.0,2709.5398,2710.811,2679.1973,2712.6047,2719.5974,2704.053,2723.6013,2729.2754,2681.9942415528044,2738.6023
2682.0,2713.203,2714.2449,2695.5244,2712.0898,2720.9104,2703.5303,2724.0566,2728.7605,2690.0791398334654,2739.17
2681.0,2706.553,2708.123,2666.0605,2711.1375,2719.6443,2702.2551,2724.0999,2727.808,2673.83835351565,2741.5176
2611.9999999999995,2702.113,2703.8062,2659.0293,2706.7395,2714.458,2697.7458,2720.7517,2723.6243,2667.8328297656612,2741.058
2620.0,2684.8254,2687.25,2612.3665,2696.147,2702.3425,2687.161,2712.2407,2713.096,2638.194099894326,2738.2332
2618.0000000000005,2671.9597,2674.5542,2597.0945,2682.7197,2686.0369,2674.2627,2700.4712,2699.3904,2623.930162798234,2732.657
2564.0,2663.341,2665.7925,2602.557,2668.8623,2668.9932,2660.771,2688.5447,2685.533,2620.088216748315,2727.779
2599.0,2641.142,2644.0906,2560.0774,2651.2668,2650.8303,2643.2417,2672.378,2667.9375,2589.9817540083263,2715.0366
2625.0,2635.45,2637.6216,2589.47,2636.3943,2635.408,2629.2178,2656.4734,2653.065,2599.610322780977,2697.6177
2646.9999999999995,2631.781,2633.3545,2614.099,2624.6882,2625.1433,2618.0386,2644.8782,2641.6545,2607.7406994372554,2684.8037
2672.0,2631.7107,2632.739,2633.9216,2620.0244,2623.4287,2614.02,2638.5842,2637.5474,2617.144716909177,2672.2998
2670.0,2634.966,2635.4026,2653.8767,2620.8252,2628.9272,2615.053,2636.0276,2638.6492,2629.5272662412326,2658.3303
2667.0,2640.35,2640.587,2662.92,2626.4692,2636.488,2620.5557,2639.8198,2643.9922,2637.3840989499545,2656.5022
2684.0,2643.5525,2643.9475,2650.1843,2636.1392,2646.681,2630.0059,2646.5156,2653.662,2635.8658351799745,2656.7273
2685.0,2652.995,2653.5022,2652.3071,2648.3284,2659.0989,2641.545,2657.8862,2665.8513,2642.2003098797545,2666.231
2658.0,2662.8284,2663.3718,2659.0967,2659.476,2671.1396,2652.0232,2668.5796,2676.7031,2650.4398417874395,2675.123
2688.0,2667.5642,2668.4263,2650.3208,2667.707,2679.042,2659.7253,2677.3618,2684.3774,2648.9413121154435,2685.3364
2685.0,2678.8325,2679.519,2674.4482,2674.8826,2684.196,2666.6248,2685.507,2691.5532,2663.931096569353,2697.4429
2705.0,2682.5784,2683.4438,2673.681,2678.9468,2688.0723,2670.4236,2691.0378,2695.6174,2664.6238096199318,2706.0942
2722.0,2686.7576,2687.69,2674.739,2684.0715,2692.5435,2675.5327,2696.0588,2701.136,2667.328649805723,2711.5623
2707.0,2695.205,2695.8296,2694.9792,2690.2583,2698.6138,2681.4812,2700.896,2707.373,2680.8613741121385,2713.8157
2757.0,2699.8787,2700.5173,2698.5332,2695.1519,2704.6228,2686.34,2705.9048,2711.8225,2684.82806662895,2717.9395
2718.0,2712.7253,2712.8757,2730.3198,2703.5723,2714.7195,2695.142,2712.9722,2720.6873,2705.711952726208,2720.6252
2755.0,2716.6245,2717.1418,2717.902,2711.4375,2723.7397,2702.7402,2721.689,2728.7664,2702.282522846698,2729.8904
2725.0,2721.808,2722.504,2712.356,2720.2598,2732.375,2711.244,2729.6396,2737.3748,2703.3102252110625,2736.2842
2687.0,2724.9023,2725.756,2706.9097,2726.014,2738.5562,2716.6042,2735.089,2743.343,2702.9079413611903,2740.6968
2686.0,2718.9749,2720.6235,2670.6619,2726.626,2737.5762,2716.9846,2738.4902,2743.5745,2683.1018741892253,2751.2693
2688.0,2715.845,2717.641,2665.3005,2723.4746,2731.3335,2713.7163,2736.3965,2740.1453,2678.3010005695987,2754.3809
2737.0,2713.06,2714.9548,2666.5002,2717.8977,2723.3003,2707.979,2733.4316,2734.7825,2675.372777353349,2759.0967
2755.0,2715.3542,2716.7786,2690.9067,2713.8943,2720.6877,2704.4062,2729.5264,2731.1887,2686.623273875954,2753.997
2726.0,2720.2766,2721.119,2721.3489,2711.697,2722.8284,2702.3315,2727.3044,2728.9915,2701.9463365146057,2747.3884
2759.0,2714.603,2715.782,2696.787,2711.4597,2724.7856,2701.9775,2726.7148,2728.7537,2689.3212726932084,2743.8997
2806.0,2723.1016,2723.6907,2728.3965,2714.9722,2728.9214,2705.4868,2728.19,2732.2666,2708.029679009914,2740.6765
2792.0,2737.4775,2737.5796,2760.3796,2726.29,2740.6448,2716.284,2737.078,2745.275,2730.165189420409,2744.2986
2797.0,2745.031,2745.2542,2753.2566,2740.4773,2755.932,2729.2505,2747.9216,2759.1558,2733.270004833792,2747.3555
2799.0,2755.9507,2756.1252,2763.4421,2753.009,2767.7654,2740.7844,2758.7998,2770.786,2744.025599899416,2755.6255
2790.0,2764.1,2764.5203,2760.5227,2764.643,2776.9417,2751.951,2770.0422,2782.4202,2747.200685142265,2768.5427
2801.0,2771.872,2772.7603,2751.5195,2776.0952,2786.5623,2762.7908,2783.1638,2794.0864,2746.4034304019287,2786.834
2827.0,2783.523,2784.3098,2770.8403,2785.116,2796.2292,2771.232,2793.159,2802.556,2759.7743501558266,2798.1316
2797.0,2791.1768,2791.8647,2781.5613,2792.438,2804.3447,2778.1274,2799.8784,2810.184,2768.573938175929,2802.8528
2805.0,2792.737,2793.7507,2769.4167,2797.3052,2809.294,2782.7263,2805.5366,2814.708,2763.9451241527545,2810.0105
2816.9999999999995,2797.564,2798.6504,2774.0825,2801.6895,2812.1653,2786.9111,2810.753,2818.8782,2767.7408846179433,2818.4036
2839.0,2803.173,2804.1116,2788.9958,2804.1553,2815.1062,2789.333,2814.0764,2822.4495,2776.270705459203,2822.9673
2839.0,2809.9924,2810.742,2804.1758,2808.4912,2820.7783,2794.016,2818.506,2826.7854,2786.226956149116,2826.2493
2831.0,2813.223,2813.9883,2802.6084,2813.8733,2827.6338,2799.218,2822.7048,2832.1677,2788.1641961689543,2826.6067
2835.0,2812.0437,2813.1235,2786.7808,2816.2803,2831.4116,2801.5825,2825.7512,2834.0266,2780.8215647994384,2829.562
2848.0,2814.9016,2815.9258,2789.57,2820.248,2833.568,2805.4646,2828.1982,2838.8489,2784.310298333544,2830.7786
2834.0,2821.272,2822.2114,2799.8152,2826.372,2837.0725,2811.0793,2833.3872,2844.9731,2792.156118375441,2836.717
2849.0,2823.2395,2824.2698,2797.099,2830.2974,2839.438,2814.338,2836.6375,2847.7744,2792.256475508049,2840.177
2846.0,2824.2874,2825.3213,2797.4666,2831.4353,2841.6702,2815.5232,2837.8718,2849.7295,2793.0061198888543,2840.5107
2828.0,2828.6533,2829.7244,2804.498,2833.975,2844.0981,2818.0042,2842.04,2852.065,2797.1405390329687,2848.0466
2782.0000000000005,2823.6216,2825.2188,2776.5156,2834.6575,2844.8657,2818.3877,2843.7295,2852.4036,2782.4034320025,2851.666
2777.0,2814.0754,2816.228,2741.317,2832.2913,2841.2007,2815.414,2841.4695,2848.9517,2762.696046188117,2850.9165
2755.0,2807.531,2809.8052,2732.443,2826.0552,2833.2776,2808.6152,2835.989,2842.3723,2754.802043726417,2848.6343
2766.0,2796.5435,2799.3088,2705.3855,2818.1572,2822.8276,2800.238,2830.307,2834.1963,2736.187453825893,2849.936
2772.9999999999995,2790.1243,2792.8518,2706.1377,2808.5715,2812.9993,2790.4255,2822.5654,2824.8247,2731.7488809305905,2846.1257
2804.0,2785.0269,2787.295,2731.8394,2792.8206,2797.1448,2774.915,2809.907,2809.4075,2737.4319969393373,2839.7556
2827.0,2778.1724,2780.251,2732.8804,2783.6,2787.9272,2766.83,2800.5142,2801.516,2734.563976958864,2830.0159
2840.0,2783.0376,2784.475,2764.7832,2781.643,2788.8816,2764.8064,2797.595,2799.881,2750.8866645629932,2822.261
2842.0,2787.64,2788.6448,2780.0693,2785.1545,2797.766,2767.9575,2798.3987,2804.1257,2761.58521647572,2812.2761
2870.0000000000005,2792.8352,2793.4644,2787.0386,2793.6504,2809.8586,2775.9666,2801.4387,2811.629,2770.8422504389546,2800.8074
2855.0,2806.6785,2807.3108,2801.541,2806.9702,2825.1665,2788.8044,2815.4028,2825.5479,2783.7969762000184,2814.072
2855.0,2815.4648,2816.3076,2795.9238,2821.1223,2838.977,2802.324,2827.7632,2839.3164,2787.239090691575,2823.1902
2853.0,2823.6277,2824.676,2793.2444,2832.8267,2849.8374,2813.5835,2838.8508,2851.0205,2790.7899174288955,2833.888
2855.0,2833.4976,2834.5776,2804.2078,2841.8687,2858.1768,2822.6025,2848.6926,2859.7559,2799.9898619265987,2846.0325
2878.0,2838.1575,2839.4707,2802.077,2847.1975,2863.2966,2828.05,2855.7417,2865.085,2800.5709382976265,2856.7314
2880.0,2847.0803,2848.2327,2821.6497,2852.8545,2867.083,2833.6912,2861.9407,2870.5374,2812.810409072104,2865.884
2856.0,2849.5107,2850.683,2823.279,2855.7417,2869.0244,2836.3557,2864.5938,2872.8115,2814.8017833036724,2869.0154
2871.0,2841.912,2843.6404,2790.1274,2855.1655,2866.383,2835.6719,2864.1343,2872.542,2797.0506622702055,2870.8542
2873.0,2843.9927,2845.5676,2800.18,2855.3262,2864.2424,2835.9326,2863.9087,2872.396,2802.3358238700876,2872.1577
2857.0,2844.8547,2846.4956,2801.3164,2855.1729,2864.403,2835.7642,2865.1328,2872.0378,2802.398413400406,2875.8223
2885.0,2841.4517,2843.3142,2784.8245,2855.5168,2867.348,2835.9458,2865.267,2872.8933,2794.185630398683,2872.9365
2882.0,2844.0608,2845.6455,2801.5159,2853.3767,2868.9277,2833.9446,2864.2554,2870.5483,2801.9277793200445,2870.462
2857.0,2844.6597,2846.2104,2804.308,2853.1523,2868.6428,2833.9236,2864.2734,2870.324,2803.27555219541,2871.0256
2840.0,2840.122,2841.9463,2784.363,2853.5505,2868.306,2834.1943,2863.7249,2870.927,2793.286503406562,2869.318
2867.0000000000005,2837.769,2839.817,2771.5356,2854.3772,2868.5742,2834.36,2864.396,2871.447,2786.710336911641,2870.237
2887.0,2840.1118,2841.8323,2786.0696,2854.7903,2868.0376,2834.2417,2862.95,2872.1667,2794.8145994663905,2866.0227
2892.0,2845.7864,2847.2744,2807.352,2855.1943,2867.9436,2834.68,2864.7795,2872.274,2805.534503894378,2871.2004
2871.0,2844.849,2846.5115,2799.683,2855.2957,2868.7378,2835.2104,2865.8882,2871.8174,2801.458806471499,2873.6309
2875.0,2845.1624,2846.8818,2800.57,2853.939,2869.7979,2834.2747,2866.521,2870.4607,2801.010322297353,2875.8267
2881.0,2844.7986,2846.556,2796.2837,2855.0967,2871.0422,2835.5596,2866.9788,2871.4138,2799.574485019798,2874.7974
2851.0,2849.6152,2851.0105,2812.8677,2857.9478,2874.7058,2838.621,2867.8547,2874.4695,2810.2599535352797,2870.9106
2840.0,2848.7832,2850.2737,2803.9238,2860.2048,2876.2478,2841.1765,2868.7559,2876.7266,2807.0991422152265,2869.8154
2828.0,2846.32,2847.8325,2798.5535,2859.497,2871.8098,2840.8955,2866.571,2876.0186,2804.3831467554696,2868.4072
2813.9999999999995,2842.937,2844.607,2794.3652,2855.0305,2863.0547,2837.1577,2863.8374,2871.5522,2799.6315168683545,2873.4265
2816.0,2833.9202,2835.971,2770.9253,2848.9185,2854.8142,2831.8186,2859.0369,2865.4402,2784.504263904466,2873.3784
2853.0,2832.2295,2834.0754,2781.042,2843.319,2849.6565,2826.4944,2854.28,2859.8406,2787.2389116958584,2869.8647
2856.0,2835.1372,2836.4895,2805.585,2840.7036,2849.1309,2823.5637,2851.0994,2857.0208,2799.1466339678636,2863.4636
2879.0,2836.8594,2837.947,2814.2825,2841.7427,2853.6255,2823.869,2850.5276,2858.2742,2804.675397726156,2856.2156
2889.0,2844.8406,2845.5146,2840.576,2844.7073,2859.9724,2826.5247,2853.491,2861.5244,2819.7762096245515,2855.793
2934.0,2853.436,2853.9229,2855.8567,2851.7778,2869.2468,2833.4138,2860.1145,2868.6926,2830.9999966855403,2859.318
2936.0,2867.1455,2867.3762,2877.4077,2864.2688,2884.4485,2845.3992,2871.358,2881.1833,2847.9853492486177,2865.3567
2912.0,2880.2866,2880.4497,2886.8967,2880.0195,2903.2886,2860.2908,2885.0203,2896.934,2860.265491380832,2871.753
2908.0000000000005,2884.1758,2884.777,2862.6267,2893.5442,2917.6423,2873.063,2896.0657,2910.6633,2854.0241478257612,2877.0103
2887.0,2892.3284,2893.0583,2867.0923,2902.5425,2924.023,2882.0544,2905.3816,2919.8308,2859.842134833421,2889.5796
2886.0,2894.1042,2895.3364,2851.3108,2907.9214,2925.385,2887.7917,2912.5266,2924.9075,2853.10507050777,2904.273
2834.0,2896.4092,2897.914,2844.5,2912.227,2925.7305,2892.4365,2917.5452,2928.963,2850.947437296793,2914.6777
2828.0,2892.1753,2893.9177,2833.81,2908.758,2920.2766,2889.099,2915.5598,2925.4941,2843.277625752557,2917.6445
2808.0,2881.7087,2883.7178,2813.5896,2899.9143,2909.6995,2881.3584,2907.8806,2916.4358,2828.879456463932,2914.0276
2829.0,2874.0894,2876.1414,2811.4507,2888.6147,2897.0974,2871.063,2899.398,2905.646,2822.264381750836,2912.482
2816.9999999999995,2867.3364,2869.3428,2813.9546,2877.219,2884.7878,2860.6804,2890.6929,2894.1335,2818.10445400999,2910.0718
2811.0,2859.3093,2860.9685,2820.3936,2865.1626,2874.2974,2849.4626,2878.3286,2882.0771,2816.8998374117705,2895.5261
2816.0,2847.7021,2849.3499,2807.604,2853.65,2864.612,2838.6245,2866.8406,2870.769,2805.75955680928,2882.2593
2787.0,2838.079,2839.7375,2795.828,2844.6792,2856.4385,2830.0615,2857.5994,2862.4194,2796.1401975874346,2871.681
2791.0,2828.4277,2830.1882,2780.903,2836.6357,2847.3994,2822.2231,2849.2715,2854.1619,2785.0539413364845,2863.779
2816.9999999999995,2821.1453,2822.8372,2775.555,2829.0247,2839.5076,2815.043,2841.196,2846.551,2779.3461430954744,2855.0552
2787.0,2820.8535,2822.1458,2793.0798,2824.1482,2834.8835,2810.371,2835.7595,2841.2673,2786.6924310291274,2848.2466
2761.0,2812.916,2814.5056,2772.3706,2818.817,2831.5603,2805.1655,2831.664,2836.343,2773.4303046716313,2844.6147
2745.0,2804.3179,2806.11,2753.8154,2812.8296,2825.9648,2799.2883,2825.8154,2830.3374,2761.25652520043,2838.6523
2754.0,2797.8826,2799.7046,2747.8943,2805.6687,2818.9663,2792.2395,2819.4626,2822.305,2754.9060058055,2833.7537
2752.0,2792.5708,2794.487,2740.7175,2800.3335,2812.5984,2786.9668,2814.9167,2817.6484,2748.566697484073,2831.818
2775.9999999999995,2790.1348,2791.8088,2748.041,2795.9463,2807.8047,2782.3403,2809.5542,2813.089,2750.7283426669287,2824.912
2788.0,2790.766,2792.047,2770.5588,2789.5142,2803.0754,2776.0457,2804.544,2806.9766,2759.4090827707214,2821.0417
2822.0,2790.0032,2791.1248,2776.4255,2786.0217,2803.3499,2773.5957,2801.867,2804.0742,2761.412994382751,2816.2295
2816.0,2800.4287,2801.022,2810.7139,2789.4595,2811.0708,2777.3237,2805.6907,2807.2056,2781.0498334565136,2816.5415
2824.0,2805.5571,2806.0833,2811.659,2797.164,2822.6836,2784.4966,2811.4204,2815.2815,2785.6210313107767,2814.4133
2840.0,2804.0388,2804.515,2806.692,2798.0544,2823.0876,2785.645,2810.0793,2817.0898,2784.2596186088717,2809.0957
2875.0,2807.7185,2808.3745,2797.5732,2806.8916,2826.954,2795.1062,2816.3975,2824.8384,2783.990241043693,2815.3474
2878.0,2829.0283,2829.0784,2843.641,2823.3938,2842.213,2810.5876,2830.3875,2841.2605,2815.3547360573034,2825.5562
2886.0,2846.772,2846.475,2868.2922,2841.7341,2864.2896,2827.647,2845.4785,2859.8281,2836.92064855393,2830.4119
2890.0,2857.576,2857.0513,2875.5413,2857.0552,2882.3843,2842.305,2855.8032,2875.3672,2848.9247798670895,2827.971
2874.0,2873.9197,2873.5925,2889.974,2872.1848,2895.8542,2857.5889,2873.4663,2890.2783,2861.89971700744,2852.3604
2873.0,2880.67,2880.7869,2883.9705,2880.4998,2900.922,2866.4385,2884.508,2898.3892,2861.2945623724663,2872.1025
2880.0,2876.9348,2877.805,2849.3838,2884.0393,2900.856,2870.6475,2889.6643,2901.9287,2844.1981901347062,2884.098
2877.0,2878.7756,2879.6519,2851.513,2886.1047,2899.3445,2873.1553,2891.197,2904.1987,2846.2508723993706,2888.1423
2880.0,2880.8953,2881.647,2857.2837,2888.323,2899.2537,2875.2905,2891.8865,2907.1467,2850.5104503368116,2888.083
2884.0,2881.6763,2882.124,2869.3838,2886.9688,2897.2358,2874.069,2889.0552,2905.1736,2856.7486197965227,2882.9614
2898.0,2878.155,2878.7314,2860.923,2884.567,2892.9663,2872.145,2886.8633,2902.9475,2851.285696169638,2883.0566
2874.0,2878.8713,2879.3918,2868.459,2882.3494,2890.0452,2870.2644,2886.0784,2899.924,2853.8370091194106,2885.841
2859.0,2871.2307,2872.334,2831.231,2882.9136,2891.6106,2870.793,2886.5488,2900.0164,2834.803740800989,2885.122
2892.0,2869.1982,2870.1653,2833.3938,2880.1145,2890.6343,2867.8005,2883.2107,2897.1152,2835.0029895126972,2878.8835
2842.0,2877.415,2877.808,2865.3916,2883.0356,2893.1711,2870.6133,2884.3452,2900.819,2853.449851233178,2876.8281
2830.0,2868.8223,2869.7336,2833.1526,2880.751,2890.2083,2868.0503,2882.4883,2898.5342,2835.3853410609745,2876.5056
2834.0,2859.4402,2860.8555,2806.4214,2874.5874,2880.8894,2862.4346,2878.4739,2892.3708,2818.0560945201255,2879.945
2837.0,2857.421,2858.5872,2817.7334,2868.7722,2872.9548,2857.1387,2872.6875,2886.3992,2821.49213659353,2876.3357
2788.0,2856.8027,2858.01,2821.1965,2865.2063,2870.721,2853.6257,2871.7424,2883.4985,2820.9896820429103,2879.2998
2794.0,2842.6821,2844.1394,2793.4714,2854.4456,2863.4631,2842.9844,2861.4136,2873.6584,2802.1721082772106,2866.3318
2786.0,2826.579,2828.4343,2764.0564,2840.4631,2848.0022,2829.4878,2849.5425,2858.76,2780.2507434794547,2860.162
2771.0,2815.7334,2817.653,2756.9177,2827.3665,2830.205,2817.1577,2838.0632,2846.3508,2770.3177335264827,2856.6182
2769.0,2801.8967,2804.004,2737.9224,2814.1196,2814.903,2804.286,2825.9373,2832.2695,2754.387988688458,2848.7893
2793.0,2794.6555,2796.2488,2748.2712,2803.698,2805.4978,2794.0647,2812.969,2824.1123,2756.4021955414987,2829.7114
2853.0,2793.6758,2794.7595,2768.099,2797.1248,2804.088,2787.4314,2806.0886,2818.1167,2764.4372694101467,2817.0537
2846.0,2804.2327,2804.4038,2817.066,2798.316,2808.0513,2788.4294,2805.5076,2818.4211,2791.2013162647204,2810.156
2856.0,2806.3887,2806.4004,2821.143,2801.2346,2813.2332,2790.9023,2806.652,2819.105,2795.196700196395,2805.489
2868.0,2807.8445,2808.0908,2809.1304,2807.0435,2819.2927,2796.298,2811.6748,2824.914,2791.5476101266713,2808.688
2877.0,2816.9734,2817.0635,2820.831,2817.131,2828.9104,2805.802,2819.5613,2836.6558,2802.42742172175,2812.6418
2875.0,2830.254,2830.2214,2837.3914,2830.7495,2841.8267,2818.5823,2831.711,2849.7168,2816.960030008035,2822.557
2877.0,2839.1418,2839.09,2840.105,2843.0828,2855.5854,2830.4775,2841.6226,2864.4714,2824.4080267356417,2826.2
2863.0,2850.3289,2850.343,2847.35,2855.7354,2868.7856,2842.5046,2853.9536,2875.8274,2833.4666719678003,2837.3398
2867.0000000000005,2856.4644,2856.9163,2834.749,2866.7344,2879.6028,2852.7222,2865.7036,2886.35,2830.9957941497823,2850.7737
2844.0,2860.7544,2861.5398,2826.678,2873.7625,2885.879,2859.322,2873.8994,2893.59,2829.1411468547635,2862.0566
2837.0,2858.7268,2859.8772,2813.6152,2873.3276,2884.3142,2858.6882,2875.6943,2891.198,2821.203855308756,2869.4417
