true_value,LSTM单模型,GRU单模型,简单平均,LSTM_实验1_原始方法,LSTM_实验2_简化特征,LSTM_实验3_保守参数,LSTM_实验4_早停机制,LSTM_实验5_残差剪裁,LSTM_实验6_加权融合50%,LSTM_实验7_最小特征,LSTM_实验8_Ridge回归,LSTM_实验9_终极组合,GRU_实验1_原始方法,GRU_实验2_简化特征,GRU_实验3_保守参数,GRU_实验4_早停机制,GRU_实验5_残差剪裁,GRU_实验6_加权融合50%,GRU_实验7_最小特征,GRU_实验8_Ridge回归,GRU_实验9_终极组合
2889.0,2855.7278,2844.087,2849.9075,2871.6267,2907.6702,2870.749,2854.3071,2870.749,2863.2385,2871.02,2852.5941305877027,2860.2341,2872.1387,2869.0503,2851.5369,2843.1875,2851.5369,2847.8118,2852.1301,2853.4564721517168,2846.322
2885.0,2854.1538,2867.248,2860.701,2893.972,2906.6318,2869.0122,2853.8645,2869.0122,2861.583,2869.8723,2850.8009411453463,2858.6116,2891.4724,2882.9045,2874.698,2866.042,2874.698,2870.973,2875.2913,2874.500386679168,2869.4832
2896.0,2854.371,2867.7012,2861.0361,2895.0251,2900.3838,2869.2292,2853.7305,2869.2292,2861.8003,2869.8296,2851.5459603151667,2858.8286,2879.815,2868.255,2875.1511,2866.7654,2875.1511,2871.4263,2875.7446,2874.628126276309,2869.9363
2906.0,2856.4402,2857.8794,2857.16,2881.6838,2903.1497,2871.4614,2853.7249,2871.4614,2863.9507,2871.9875,2860.795187335091,2860.9465,2874.837,2866.2778,2865.3293,2857.1575,2865.3293,2861.6045,2865.9229,2871.8879503288103,2860.1145
2901.9999999999995,2862.5986,2884.1995,2873.399,2901.07,2916.2417,2877.797,2859.4785,2877.797,2870.198,2878.057,2866.7006314518694,2867.158,2898.958,2894.4895,2891.6494,2883.5,2891.6494,2887.9246,2892.243,2897.3508360899305,2886.4346
2887.0,2868.1326,2878.5938,2873.363,2903.157,2917.5107,2882.813,2863.5051,2882.813,2875.473,2883.6802,2879.81190607986,2872.5369,2885.0059,2877.8389,2886.0437,2878.1152,2886.0437,2882.3186,2886.637,2899.7113705133215,2880.8286
2863.0,2873.0996,2870.614,2871.8567,2893.0962,2918.07,2887.78,2869.7957,2887.78,2880.4397,2888.2693,2887.435797087551,2877.5037,2883.2373,2877.9617,2878.0637,2870.5173,2878.0637,2874.3389,2878.6572,2894.6040189938526,2872.8489
2855.0,2875.176,2840.8667,2858.0215,2885.7852,2917.8381,2889.5425,2873.8933,2889.5425,2882.3594,2890.208,2896.010485425358,2879.486,2865.5808,2856.7166,2848.3164,2841.402,2848.3164,2844.5916,2848.9102,2871.927060023711,2843.1016
2842.0,2876.4395,2812.7627,2844.601,2856.5105,2898.6675,2889.2742,2874.2637,2889.2742,2882.8567,2891.6423,2897.1642937310435,2880.2898,2826.9697,2824.3293,2820.4324,2812.849,2820.4324,2816.5977,2820.8062,2843.51621354096,2815.0637
2840.0,2873.39,2822.8103,2848.1003,2875.0476,2917.313,2887.5032,2868.3333,2887.5032,2880.4465,2888.6775,2890.691574153789,2877.624,2838.4868,2830.7952,2830.48,2823.104,2830.48,2826.645,2830.8538,2850.4017273192726,2825.1113
2834.0,2867.1277,2847.4077,2857.2678,2864.5596,2907.8848,2881.9858,2865.127,2881.9858,2874.5566,2882.2085,2875.872340952326,2871.585,2856.2898,2849.178,2854.8574,2847.066,2854.8574,2851.1326,2855.451,2866.7168385163654,2849.6426
2869.0,2860.5957,2838.3052,2849.4502,2858.3928,2899.8582,2875.2761,2857.4648,2875.2761,2867.9358,2875.5486,2864.8449727819784,2865.0,2840.1907,2828.2307,2845.755,2838.036,2845.755,2842.03,2846.686,2855.028915383703,2840.5398
2951.0,2854.003,2867.7288,2860.8657,2880.7424,2882.032,2868.6833,2852.8894,2868.6833,2861.3433,2868.4536,2853.4122758599733,2858.4072,2876.3394,2874.8533,2875.1787,2867.777,2875.1787,2871.4536,2875.5466,2879.6525676754445,2869.9639
2924.0,2856.2837,2920.763,2888.5234,2897.0505,2878.9167,2869.2812,2855.026,2869.2812,2862.7827,2871.0735,2851.492284384155,2860.183,2923.4014,2925.7126,2928.4324,2920.9507,2928.4324,2924.598,2929.0393,2927.9111636965904,2923.0637
2914.0,2862.9575,2905.3674,2884.1624,2906.9744,2898.2563,2877.4114,2861.5,2877.4114,2870.1843,2877.6501,2858.088566600487,2867.2937,2908.7205,2906.167,2913.037,2905.318,2913.037,2909.2024,2913.2812,2912.056112632243,2907.6685
2919.0,2872.3264,2911.7468,2892.0366,2923.308,2909.7378,2886.4397,2866.5437,2886.4397,2879.383,2886.777,2865.8000536030268,2876.5603,2921.575,2918.229,2919.4165,2911.1687,2919.4165,2915.5815,2919.5645,2918.2115779704773,2914.0476
2917.0,2882.6536,2893.484,2888.0688,2915.168,2909.7344,2897.3342,2876.921,2897.3342,2889.9937,2897.1042,2877.021201821084,2887.0579,2900.7446,2894.8796,2900.9338,2892.4426,2900.9338,2897.209,2901.3018,2903.54081768561,2895.719
2949.0000000000005,2894.9182,2906.2217,2900.57,2933.7844,2926.4153,2909.5986,2888.201,2909.5986,2902.2583,2909.113,2884.0843572572367,2899.3225,2913.0933,2909.364,2913.6716,2905.3064,2913.6716,2909.9468,2914.0396,2912.331657677197,2908.4568
2970.0,2906.9048,2937.9036,2922.404,2951.0254,2941.0933,2921.2712,2898.747,2921.2712,2914.0881,2921.0999,2892.5996198879857,2911.2148,2946.2595,2940.325,2945.3535,2936.7515,2945.3535,2941.6287,2945.7214,2940.3216032357523,2940.1387
2967.0,2917.2937,2947.52,2932.4067,2947.0771,2945.8599,2931.8376,2914.251,2931.8376,2924.566,2931.9153,2904.456986819705,2921.657,2940.8335,2938.8264,2954.9697,2946.205,2954.9697,2951.2449,2955.3374,2950.226117389932,2949.755
2991.0,2926.6753,2960.3577,2943.5164,2963.1833,2957.4495,2941.2192,2926.1174,2941.2192,2933.9473,2941.0413,2915.012484368232,2931.0383,2957.4424,2961.535,2968.0847,2959.602,2968.0847,2964.2212,2968.9326,2965.482528120173,2962.6758
3008.0,2937.0796,2983.928,2960.504,2981.283,2975.2239,2951.1929,2935.9058,2951.1929,2944.1362,2951.2747,2924.935207665056,2941.3137,2989.7476,2993.8455,2992.1528,2983.715,2992.1528,2988.0405,2992.5032,2987.2975136433297,2986.3955
3014.0,2949.429,2973.142,2961.2854,2982.8853,2977.602,2964.1094,2944.1467,2964.1094,2956.7693,2963.624,2938.9578383748394,2953.833,2982.2197,2979.2756,2981.1921,2972.6238,2981.1921,2977.1672,2981.717,2980.199530254595,2975.5574
2985.0,2961.9846,2989.5728,2975.7788,2982.0542,2978.1821,2976.665,2958.378,2976.665,2969.325,2976.1797,2951.41415345045,2966.389,2976.8406,2981.4634,2997.578,2988.384,2997.578,2993.5752,2998.1477,2997.6160079584474,2991.9744
2967.0,2971.9963,2969.9316,2970.9639,2973.5027,2995.0132,2986.6768,2967.4412,2986.6768,2979.3367,2986.1914,2961.945982154109,2976.4006,2968.2778,2962.188,2978.1406,2968.4287,2978.1406,2974.0364,2978.737,2980.347014533601,2972.3945
2994.0,2979.0566,2962.8599,2970.958,2981.367,3005.7712,2993.737,2974.3289,2993.737,2986.397,2993.2517,2965.9510264330743,2983.461,2969.746,2965.6191,2971.0688,2961.6775,2971.0688,2966.9644,2971.4348,2973.7722821329708,2965.3225
2986.0,2984.1487,2965.158,2974.6533,2982.9058,3009.9011,2999.0068,2984.4485,2999.0068,2991.578,2998.5146,2969.260813121847,2988.6062,2969.8345,2970.8572,2973.1628,2964.0818,2973.1628,2969.1606,2973.7332,2975.0417665173272,2967.5593
3030.0,2986.2344,2962.9204,2974.5774,2977.1016,3007.4563,3000.9148,2984.574,3000.9148,2993.5745,3000.4292,2970.378914021796,2990.6382,2962.433,2960.0115,2970.9253,2962.028,2970.9253,2966.923,2971.4954,2973.0244332383813,2965.3218
3044.0,2989.9324,3015.5183,3002.7253,3018.5945,3012.9707,3004.7905,2984.5144,3004.7905,2997.3613,3004.2983,2965.6386970678464,2994.39,3012.9795,3013.0366,3023.6423,3014.9036,3023.6423,3019.5806,3024.0935,3016.4768985657092,3017.9556
3022.0,2991.453,3018.14,3004.7964,3025.7375,3017.6724,3006.3108,2989.2942,3006.3108,2998.8816,3005.8188,2968.360654716653,2995.9102,3021.9382,3019.8027,3026.997,3018.1316,3026.997,3022.5684,3026.9993,3020.774171773042,3020.7969
2991.0,2992.8928,2978.9255,2985.909,2993.6677,3005.9436,3007.5732,2992.263,3007.5732,3000.2332,3007.088,2978.741195844875,2997.2969,2985.4653,2977.8853,2986.7722,2978.821,2986.7722,2982.8489,2987.3425,2990.7632743783856,2981.2795
2988.0,2995.0415,2956.738,2975.8896,2980.844,3013.3315,3009.1548,2996.0337,3009.1548,3002.0981,3009.2366,2986.7259526511734,2999.2754,2956.5142,2953.59,2965.4717,2957.048,2965.4717,2961.1047,2964.9697,2973.046305876456,2959.3582
2964.0,2994.9263,2924.6633,2959.795,2953.1135,2976.9053,3007.5833,2992.9368,3007.5833,3001.255,3009.1213,2994.1919619569144,2998.7236,2925.322,2914.9624,2933.5637,2924.593,2933.5637,2929.1135,2933.317,2948.580128823327,2927.3335
2967.0,2993.4526,2937.1045,2965.2786,2975.9124,2998.432,3007.566,2989.8535,3007.566,3000.5093,3007.876,2994.3152079355336,2997.6865,2936.785,2933.715,2946.5444,2937.0894,2946.5444,2941.8247,2946.2256,2961.221648086445,2939.9365
2972.0,2989.787,2937.6792,2963.733,2982.2456,3015.7266,3003.9004,2987.5818,3003.9004,2996.8438,3003.9822,2989.4843122460657,2994.021,2954.8408,2949.322,2947.1191,2937.9133,2947.1191,2942.3994,2946.923,2962.0703800834317,2940.5112
2993.0000000000005,2984.0488,2947.9373,2965.9932,2974.9653,3009.119,2998.593,2982.0989,2998.593,2991.321,2998.643,2979.697602507477,2988.4124,2952.5935,2956.115,2957.1575,2948.0735,2957.1575,2952.5476,2957.1812,2968.942617312085,2950.7034
3000.0,2977.2678,2943.9094,2960.5886,2974.7896,3008.0798,2991.634,2973.481,2991.634,2984.451,2991.6912,2973.154065086171,2981.5776,2955.4548,2957.5938,2953.263,2944.3635,2953.263,2948.5862,2953.1533,2966.010648908797,2946.7156
3010.0,2974.2117,2967.3403,2970.7761,2983.448,3003.566,2988.892,2970.2358,2988.892,2981.552,2988.635,2964.0060895411784,2978.6157,2980.59,2983.1882,2976.6936,2967.4463,2976.6936,2972.017,2976.5842,2983.047194203805,2970.1462
3007.0,2972.4136,2963.693,2968.0532,2975.1829,3000.2686,2987.094,2967.69,2987.094,2979.754,2986.837,2964.868072303779,2976.8176,2973.41,2973.0896,2973.0466,2963.7769,2973.0466,2968.3699,2972.9373,2982.026045377692,2966.4993
2998.0,2974.812,2965.161,2969.9863,2972.0022,2995.9536,2989.9983,2972.3762,2989.9983,2982.405,2989.406,2969.549218564704,2979.3677,2964.381,2962.8958,2974.5996,2965.1165,2974.5996,2969.8804,2974.4048,2985.099762109104,2967.9924
3010.0,2977.8337,2961.7961,2969.815,2982.088,3003.4097,2993.1257,2975.3037,2993.1257,2985.4797,2992.75,2975.8699442236934,2982.4216,2965.017,2970.4348,2971.235,2962.0898,2971.235,2966.5156,2971.1746,2985.8385666146187,2964.628
2983.9999999999995,2982.7031,2957.9507,2970.3267,2979.299,3008.7712,2998.1729,2983.1025,2998.1729,2990.4377,2997.79,2982.0113239467496,2987.344,2967.1501,2967.7253,2967.3894,2958.0515,2967.3894,2962.67,2967.3289,2982.4833758136465,2960.7822
2955.0,2985.793,2947.913,2966.853,2978.164,3009.3909,3000.6956,2985.744,3000.6956,2993.2441,3000.88,2988.342747994717,2990.264,2958.0837,2964.2917,2957.3274,2947.6284,2957.3274,2952.6204,2957.2915,2974.783521006488,2950.7375
2942.9999999999995,2985.5896,2931.6199,2958.6047,2971.976,3001.0015,3000.4922,2984.886,3000.4922,2993.0408,3000.6765,2987.6126928618473,2990.0603,2934.4297,2937.8914,2941.1934,2930.037,2941.1934,2936.4065,2940.9985,2957.5290397442786,2934.492
2936.0,2979.8418,2919.2087,2949.5251,2946.6992,2976.4583,2993.1106,2975.3435,2993.1106,2986.476,2994.7578,2980.5701331207924,2983.8223,2917.3635,2926.7297,2928.5657,2917.6597,2928.5657,2923.8872,2928.379,2944.494678722872,2922.0159
2944.0,2971.2246,2909.9475,2940.586,2930.6863,2965.1936,2984.4932,2966.0813,2984.4932,2977.859,2986.1409,2971.7129136832123,2975.2053,2905.8652,2912.6729,2919.3042,2908.8843,2919.3042,2914.6257,2919.1174,2935.025849204201,2912.7544
2922.0,2961.4766,2908.4668,2934.9714,2948.485,2971.0654,2976.2014,2956.574,2976.2014,2968.8389,2976.3926,2962.0571526679505,2965.8938,2911.2246,2911.1584,2917.8235,2906.7424,2917.8235,2913.1453,2917.6367,2933.7631638693388,2911.2737
2935.0,2949.9277,2877.9158,2913.9219,2911.4033,2939.999,2963.1965,2945.8643,2963.1965,2956.562,2964.8438,2954.7917895102323,2953.9084,2879.0254,2883.3384,2887.273,2875.7878,2887.273,2882.5942,2887.086,2907.7712443201076,2880.7231
2875.0,2938.762,2895.2493,2917.0059,2927.2166,2961.9846,2953.6646,2936.388,2953.6646,2946.2134,2953.849,2946.168774189657,2943.2327,2895.595,2900.009,2904.2812,2893.137,2904.2812,2899.7654,2904.4192,2926.140994727802,2897.9587
2875.0,2927.8762,2850.5583,2889.2173,2890.878,2924.5305,2941.3225,2927.1487,2941.3225,2934.5994,2942.9634,2941.0365174690055,2931.9102,2847.897,2856.778,2859.313,2848.962,2859.313,2854.9355,2859.4385,2886.455437868307,2853.1846
2891.0,2917.023,2841.0642,2879.0437,2884.9731,2914.453,2930.2917,2917.4778,2930.2917,2923.6575,2931.9392,2930.9997619778655,2921.0037,2845.2314,2858.8528,2849.977,2839.5369,2849.977,2845.5208,2850.0955,2878.076981586153,2843.738
2881.0,2906.115,2858.0447,2882.0796,2903.35,2930.306,2920.8398,2906.4058,2920.8398,2913.4773,2921.031,2921.8597880378825,2910.5322,2872.5598,2876.6426,2867.0764,2856.6284,2867.0764,2862.5605,2867.2144,2895.039796640739,2860.7542
2896.0,2896.1458,2858.6663,2877.406,2879.4497,2912.1274,2910.8706,2892.5967,2910.8706,2903.5083,2911.062,2911.5953011056686,2900.563,2857.1426,2854.169,2867.6985,2855.964,2867.6985,2863.1824,2867.8362,2893.9832809716404,2861.376
2851.0,2889.7231,2863.0017,2876.3625,2879.719,2910.4968,2905.0151,2883.31,2905.0151,2897.3691,2904.6394,2902.349988974825,2894.3108,2864.369,2861.1362,2871.814,2860.317,2871.814,2867.408,2872.1716,2896.141495467632,2865.6455
2867.0000000000005,2880.2751,2805.1555,2842.715,2844.3154,2866.034,2893.544,2873.953,2893.544,2886.9097,2895.1914,2899.379424907531,2884.2559,2805.7039,2811.7368,2814.1873,2803.0232,2814.1873,2809.6711,2814.3252,2846.958016934719,2807.8647
2886.0,2873.3872,2818.0793,2845.7334,2862.681,2887.455,2888.1123,2867.022,2888.1123,2880.7498,2888.3035,2892.7598515167806,2877.8047,2825.875,2829.622,2827.1113,2816.0938,2827.1113,2822.5952,2827.2493,2860.269625597324,2820.7888
2888.0,2870.049,2834.5881,2852.3188,2852.886,2882.1716,2885.027,2865.8872,2885.027,2877.538,2884.9653,2889.1503569876572,2874.5425,2832.044,2837.1838,2843.4004,2832.6423,2843.4004,2838.9944,2843.7583,2875.202489136328,2837.232
2880.0,2867.025,2833.3323,2850.1785,2860.3533,2890.9617,2882.003,2863.2446,2882.003,2874.5142,2881.941,2891.0553390111077,2871.5183,2839.136,2841.7598,2842.1443,2830.9946,2842.1443,2837.7383,2842.502,2877.101202742317,2835.9758
2887.0,2864.489,2835.7966,2850.143,2863.181,2888.1309,2879.781,2863.0178,2879.781,2872.135,2879.405,2892.878601402982,2869.0764,2852.5576,2852.7207,2844.609,2833.7708,2844.609,2840.2026,2844.9668,2883.08616190266,2838.4402
2905.0000000000005,2864.6663,2847.1882,2855.9272,2868.9722,2893.7688,2880.136,2867.3884,2880.136,2872.401,2879.7534,2890.8424668162547,2869.3071,2862.5376,2861.1802,2856.0002,2844.7905,2856.0002,2851.594,2856.3582,2890.886796200801,2849.8318
2901.9999999999995,2867.7378,2847.8718,2857.805,2867.7285,2894.6836,2883.0298,2866.7737,2883.0298,2875.3838,2882.654,2893.1076180132764,2872.3257,2859.798,2857.2705,2856.6836,2845.2385,2856.6836,2852.2776,2857.0415,2890.7674364731065,2850.5151
2900.0,2872.215,2852.2102,2862.2126,2869.493,2884.3696,2887.507,2868.565,2887.507,2879.861,2887.131,2896.0514475916257,2876.8025,2855.9277,2855.5342,2861.0222,2850.3845,2861.0222,2856.6162,2861.3801,2893.1736043371834,2854.854
2857.0,2875.1687,2844.889,2860.0288,2864.1685,2881.1572,2890.1465,2871.0486,2890.1465,2882.6577,2890.085,2898.582615613997,2879.6619,2845.1362,2849.0398,2853.701,2842.6702,2853.701,2849.2947,2854.0588,2885.5665153512446,2847.5322
2829.0,2875.5554,2816.9568,2846.256,2832.9595,2853.4675,2888.824,2869.8987,2888.824,2882.1895,2890.4717,2898.629079850444,2879.5356,2813.954,2819.133,2825.9888,2814.9597,2825.9888,2821.473,2826.127,2857.382799387749,2819.6665
2786.0,2869.9539,2773.2058,2821.58,2817.8948,2840.1226,2882.9067,2862.4343,2882.9067,2876.4302,2884.259,2898.119686207769,2873.8396,2763.1655,2766.327,2782.238,2770.5037,2782.238,2777.722,2782.376,2819.460793770011,2775.9155
2797.0,2859.4785,2760.1338,2809.8064,2804.2727,2832.7217,2872.11,2853.5542,2872.11,2865.7944,2873.7834,2886.571871594332,2863.268,2751.4194,2750.2288,2769.1658,2757.9878,2769.1658,2764.6497,2769.1714,2804.653861800868,2762.8433
2815.0,2843.9497,2751.3757,2797.6628,2800.7332,2813.738,2856.5813,2839.66,2856.5813,2850.2656,2858.255,2873.84803796583,2847.7395,2753.2393,2754.506,2760.4075,2749.5159,2760.4075,2755.8918,2760.413,2797.541423317856,2754.0852
2811.0,2829.034,2765.7454,2797.3896,2784.7095,2803.8386,2841.843,2827.6064,2841.843,2835.4387,2843.51,2860.4063633400483,2832.877,2770.4417,2769.9915,2774.7773,2764.2747,2774.7773,2770.2612,2774.783,2809.4788418359626,2768.4548
2780.0,2814.7727,2769.2437,2792.008,2799.02,2813.9297,2829.182,2811.7102,2829.182,2821.9773,2829.0776,2850.65893214106,2819.0952,2777.732,2779.0435,2778.2756,2767.384,2778.2756,2773.7598,2778.4136,2814.9502648220764,2771.9531
2704.0,2798.8135,2733.9673,2766.3901,2759.4175,2767.9194,2811.7664,2793.5737,2811.7664,2805.29,2813.1187,2840.0965308754103,2802.6992,2736.2847,2739.9055,2742.999,2732.9885,2742.999,2738.4832,2743.137,2784.441335419431,2736.6768
2719.0,2783.9932,2674.116,2729.0544,2741.5874,2747.0256,2796.8025,2781.743,2796.8025,2790.3977,2798.359,2834.3401169343174,2787.836,2678.904,2674.7375,2683.0295,2672.5415,2683.0295,2678.5728,2682.8635,2733.18237485777,2676.7903
2690.9999999999995,2767.4436,2668.1843,2717.814,2719.6697,2729.6719,2780.0752,2762.0747,2780.0752,2773.7593,2781.7488,2820.718865957282,2771.2332,2668.4038,2666.7942,2677.0974,2666.9807,2677.0974,2672.6409,2676.7544,2728.521293656661,2670.8584
2688.0,2751.2593,2627.885,2689.5723,2709.8318,2711.4663,2763.8909,2742.9275,2763.8909,2757.575,2765.4539,2810.6878684330445,2755.0486,2633.4653,2633.5483,2637.083,2628.0427,2637.083,2632.484,2636.9224,2693.0441539067865,2630.6445
2718.0,2735.591,2657.6943,2696.6428,2686.4456,2691.6267,2748.4004,2731.986,2748.4004,2741.9956,2749.9568,2791.775179000696,2739.4338,2659.5913,2655.7244,2667.1084,2658.0142,2667.1084,2662.4014,2667.1704,2716.5615009030744,2660.5186
2726.0,2722.3652,2704.5034,2713.4343,2709.4229,2724.1956,2737.0203,2716.1135,2737.0203,2729.6926,2736.6702,2766.9422877172374,2726.7617,2700.2087,2706.113,2714.0608,2704.2642,2714.0608,2709.282,2713.9795,2752.581718478659,2707.3706
2743.0,2711.797,2717.3516,2714.5742,2713.4888,2705.1748,2726.452,2706.7688,2726.452,2719.1245,2726.102,2753.3532270952824,2716.1936,2713.8345,2710.6086,2726.909,2717.8235,2726.909,2722.1301,2726.8276,2763.181271229256,2720.2188
2711.0,2707.752,2725.934,2716.843,2729.4968,2698.2136,2722.4072,2704.0535,2722.4072,2715.0796,2722.0571,2744.5339716516573,2712.1484,2719.411,2722.1462,2735.4915,2724.91,2735.4915,2730.713,2735.4102,2767.556694652224,2728.8013
2705.0,2705.272,2666.5525,2685.9124,2680.123,2687.743,2719.5374,2704.8438,2719.5374,2712.4045,2719.6377,2743.0767150327283,2709.5515,2670.6265,2666.7715,2676.1638,2664.8396,2676.1638,2671.3582,2676.0288,2711.69209177081,2669.4358
2707.0,2704.1025,2667.5312,2685.817,2679.7278,2690.1162,2718.1904,2700.8167,2718.1904,2711.1462,2718.2976,2739.3003090827788,2708.3289,2673.7075,2674.9353,2676.926,2666.0632,2676.926,2672.2288,2676.799,2711.8210589068353,2670.3496
2682.0,2703.503,2692.1108,2697.8066,2688.751,2691.0046,2718.1577,2695.0386,2718.1577,2710.8303,2717.6975,2734.8204742725816,2707.8994,2690.7542,2696.2969,2701.2861,2690.3127,2701.2861,2696.6982,2701.3787,2731.842812297076,2694.8633
2681.0,2702.3032,2659.0747,2680.689,2676.7268,2684.78,2716.3914,2692.5142,2716.3914,2709.3474,2716.4983,2735.8537394838886,2706.5295,2667.3914,2666.7812,2668.4695,2657.0312,2668.4695,2663.7722,2668.3425,2701.0279811670753,2661.8933
2611.9999999999995,2697.8318,2649.5789,2673.7053,2685.4753,2684.914,2711.9197,2689.0217,2711.9197,2704.8755,2712.0269,2733.915489603628,2702.058,2670.1619,2667.1738,2658.9739,2647.9915,2658.9739,2654.2764,2658.8467,2694.391098970653,2652.3975
2620.0,2687.2412,2593.144,2640.1926,2638.0386,2641.2917,2699.8728,2677.5007,2699.8728,2693.557,2701.436,2723.4729583098183,2691.0305,2591.716,2596.7668,2602.7048,2591.1646,2602.7048,2597.9243,2602.4119,2639.998615739876,2596.0122
2618.0000000000005,2674.3652,2588.7341,2631.5496,2624.6282,2625.8877,2686.9968,2660.2996,2686.9968,2680.681,2688.56,2707.278384468502,2678.1545,2589.4348,2591.8975,2598.295,2586.9795,2598.295,2593.5144,2597.7715,2633.553103871747,2591.6025
2564.0,2660.8357,2590.7976,2625.817,2609.3948,2617.1033,2673.645,2652.8174,2673.645,2667.2405,2675.2017,2693.0214665608833,2664.6787,2594.4292,2594.2314,2600.359,2589.1096,2600.359,2595.5784,2600.0654,2632.9496443800085,2593.666
2599.0,2643.2224,2546.8274,2595.025,2591.9448,2603.1648,2655.854,2633.881,2655.854,2649.5383,2657.4175,2680.7322401437373,2647.012,2546.7043,2549.5737,2556.3882,2545.7278,2556.3882,2551.6077,2556.095,2594.640225850307,2549.6953
2625.0,2629.1758,2589.6233,2609.3997,2614.8237,2624.354,2643.4414,2623.7583,2643.4414,2636.3086,2643.5417,2661.278727397826,2633.4556,2604.8564,2615.3865,2599.429,2590.013,2599.429,2594.5261,2598.891,2629.9614592212934,2592.5652
2646.9999999999995,2617.7932,2611.7698,2614.7815,2608.283,2616.3918,2632.4485,2610.9023,2632.4485,2625.1206,2631.9883,2647.6479133228004,2622.1897,2619.4287,2622.7383,2621.1892,2611.418,2621.1892,2616.4795,2621.0374,2648.519997938957,2614.5955
2672.0,2613.749,2636.6292,2625.1892,2631.845,2625.52,2628.4038,2607.5884,2628.4038,2621.0764,2627.9438,2639.7173042732356,2618.1455,2639.2007,2643.0347,2646.0488,2636.0898,2646.0488,2641.339,2645.897,2668.625183212195,2639.455
2670.0,2614.7698,2649.6055,2632.1877,2644.3406,2623.4475,2629.1108,2606.8555,2629.1108,2621.9404,2628.9648,2638.942991380173,2619.072,2659.2825,2665.9272,2659.0254,2647.4548,2659.0254,2654.3157,2658.8733,2681.4784804748165,2652.4316
2667.0,2620.3198,2655.7864,2638.053,2648.5027,2631.8218,2634.8384,2614.9468,2634.8384,2627.579,2634.6858,2642.2611621384094,2624.6753,2662.3733,2666.6758,2664.9617,2654.1262,2664.9617,2660.374,2665.0542,2686.6965444538046,2658.5388
2684.0,2629.8374,2639.9438,2634.8906,2644.8496,2635.15,2644.6702,2625.7793,2644.6702,2637.254,2644.2034,2655.7273154100153,2634.2874,2643.5657,2643.018,2649.119,2637.2856,2649.119,2644.5315,2649.2117,2676.2836503564454,2642.6965
2685.0,2641.3835,2641.6833,2641.5337,2640.889,2657.0361,2656.0386,2635.4565,2656.0386,2648.7112,2655.5786,2667.617118472312,2645.78,2643.912,2648.047,2650.9487,2638.6287,2650.9487,2646.316,2650.951,2678.6495024740043,2644.463
2658.0,2651.8164,2651.4744,2651.6455,2644.7246,2655.473,2666.4714,2643.6907,2666.4714,2659.1438,2666.0115,2681.0249556539175,2656.213,2646.208,2655.9326,2660.7397,2647.9526,2660.7397,2656.1072,2660.5154,2690.845469968384,2654.2542
2688.0,2659.483,2641.687,2650.585,2648.6697,2654.8018,2674.1382,2648.818,2674.1382,2666.8103,2673.678,2688.914226833505,2663.8794,2644.4912,2645.051,2650.9524,2637.5325,2650.9524,2646.3196,2650.728,2681.252465156116,2644.4666
2685.0,2666.343,2671.2285,2668.786,2674.5654,2667.8823,2681.1755,2660.0813,2681.1755,2673.7593,2680.7087,2692.2015870793985,2670.7927,2665.595,2673.019,2680.494,2666.3293,2680.494,2675.8613,2680.2695,2707.051137083574,2674.0083
2705.0,2670.053,2668.9788,2669.5159,2668.2659,2672.017,2684.7078,2664.3955,2684.7078,2677.3804,2684.2478,2696.1003182950058,2674.4495,2664.5415,2672.166,2678.3298,2663.897,2678.3298,2673.654,2678.0198,2705.9764289708937,2671.784
2722.0,2675.2185,2669.5781,2672.3982,2672.9111,2685.438,2690.0508,2672.1228,2690.0508,2682.6345,2689.5842,2699.6301997393366,2679.668,2682.2104,2685.4792,2678.8435,2665.712,2678.8435,2674.2107,2678.6191,2704.768577906162,2672.3574
2707.0,2681.1553,2684.084,2682.6199,2694.61,2692.762,2695.988,2679.8525,2695.988,2688.5715,2695.6313,2703.14374859364,2685.6052,2691.1636,2692.4646,2693.3494,2679.2888,2693.3494,2688.7168,2693.125,2717.0635772056253,2686.8635
2757.0,2685.962,2691.732,2688.847,2689.9954,2681.4856,2700.6167,2676.3003,2700.6167,2693.2893,2700.1565,2705.720593762733,2690.3584,2679.2744,2686.8105,2700.9973,2687.356,2700.9973,2696.3645,2700.773,2722.120432658091,2694.5115
2718.0,2694.7598,2732.1694,2713.4648,2712.9194,2683.6565,2708.8477,2684.7473,2708.8477,2701.8037,2709.0647,2711.321685141285,2698.9863,2725.349,2729.8582,2741.6548,2728.4438,2741.6548,2736.912,2741.2104,2759.906798183624,2735.0151
2755.0,2702.3591,2707.2166,2704.7876,2706.6758,2691.139,2717.0142,2694.4126,2717.0142,2709.6865,2716.6643,2723.2864118332022,2706.7556,2697.5757,2703.0227,2716.482,2702.0066,2716.482,2711.849,2716.2576,2740.320851614068,2709.996
2725.0,2710.9634,2706.8474,2708.9053,2707.7915,2706.374,2725.7961,2708.145,2725.7961,2718.38,2725.4392,2734.694532973284,2715.4133,2707.4812,2715.3875,2716.1128,2701.6892,2716.1128,2711.4802,2715.8884,2743.303680209162,2709.627
2687.0,2716.2593,2691.0833,2703.6714,2704.1572,2716.054,2730.9143,2709.2856,2730.9143,2723.5867,2730.5645,2743.301665077598,2720.6558,2690.5361,2691.5117,2700.104,2686.4028,2700.104,2695.5935,2700.1243,2733.154600987971,2693.7893
2686.0,2716.7146,2662.172,2689.443,2686.0513,2689.4167,2730.8022,2710.2983,2730.8022,2723.7585,2730.9094,2746.432503380536,2720.941,2653.8438,2658.321,2671.4126,2658.533,2671.4126,2666.7922,2671.2131,2707.135666215731,2664.944
2688.0,2713.534,2657.2378,2685.3857,2686.2458,2688.3162,2727.6218,2704.4836,2727.6218,2720.578,2727.7288,2744.0019987588944,2717.7605,2655.939,2655.4722,2666.5935,2653.008,2666.5935,2661.9158,2666.3694,2702.8509426796077,2660.0444
2737.0,2707.7944,2661.761,2684.7776,2686.0205,2692.6926,2721.8823,2702.0605,2721.8823,2714.8384,2721.9893,2738.3269659395105,2712.021,2655.9888,2659.6921,2671.479,2657.9387,2671.479,2666.6199,2671.2659,2706.0785587464898,2664.6763
2755.0,2704.0989,2694.2805,2699.1897,2704.2417,2703.262,2718.7537,2703.97,2718.7537,2711.4263,2718.4036,2731.531083623875,2708.4954,2702.1548,2706.948,2704.1184,2690.7751,2704.1184,2699.1995,2704.1025,2735.723124451015,2697.2317
2726.0,2701.9556,2719.3552,2710.6553,2723.428,2708.3826,2716.6106,2699.2917,2716.6106,2709.283,2716.2605,2728.1116111061874,2706.352,2719.1887,2724.2622,2729.1377,2715.386,2729.1377,2724.2463,2729.088,2758.0779866553344,2722.29
2759.0,2701.6497,2684.8352,2693.2422,2696.2043,2702.7207,2716.3044,2693.3215,2716.3044,2708.977,2715.9546,2731.785711358445,2706.0461,2686.4402,2685.4746,2694.6077,2680.8955,2694.6077,2689.7214,2694.657,2728.8862608065087,2687.7668
2806.0,2705.3035,2721.0732,2713.1882,2733.1667,2706.699,2719.9583,2698.62,2719.9583,2712.6309,2719.6082,2731.995327443075,2709.7,2718.1562,2729.1167,2730.8557,2717.4558,2730.8557,2725.9644,2730.6692,2763.0735696977476,2724.008
2792.0,2716.1655,2747.6084,2731.887,2752.713,2720.8208,2730.822,2711.1682,2730.822,2723.494,2731.0818,2741.383689807206,2720.5623,2746.7585,2756.086,2757.3809,2744.416,2757.3809,2752.4946,2757.4304,2788.4209818159793,2750.5403
2797.0,2729.265,2733.2249,2731.2449,2747.9915,2730.5393,2744.4133,2728.047,2744.4133,2736.8394,2744.352,2759.0659029453204,2733.8096,2736.095,2739.7732,2743.007,2730.4653,2743.007,2738.1157,2743.1404,2778.1463892314855,2736.1597
2799.0,2741.0693,2749.0623,2745.0657,2769.9634,2752.857,2755.902,2744.3508,2755.902,2748.4856,2755.5452,2770.6182765834724,2745.519,2755.8982,2756.2876,2759.065,2747.114,2759.065,2754.0637,2758.6538,2792.4794576300633,2752.0632
2790.0,2752.31,2744.689,2748.4995,2760.3323,2763.1062,2767.1428,2752.421,2767.1428,2759.7263,2766.786,2781.0858296332135,2756.76,2758.2021,2757.683,2754.4878,2743.1353,2754.4878,2749.5884,2754.3745,2787.612912045413,2747.629
2801.0,2763.1162,2741.0898,2752.1033,2758.7014,2766.9526,2777.949,2765.2231,2777.949,2770.5327,2777.592,2789.452852176596,2767.5662,2740.2761,2739.8157,2750.7297,2739.4473,2750.7297,2745.9097,2751.0056,2781.5306355928296,2743.982
2827.0,2771.591,2767.3098,2769.4504,2773.1555,2768.8284,2786.2458,2774.1602,2786.2458,2778.9185,2785.8958,2794.9489062032003,2775.9875,2764.2964,2769.8271,2777.398,2765.743,2777.398,2772.3538,2777.2253,2803.5515277912,2770.3362
2797.0,2778.4392,2777.4546,2777.9468,2785.9536,2776.3188,2793.0942,2780.8447,2793.0942,2785.7668,2792.7444,2800.9498489995913,2782.8357,2781.5452,2788.9324,2787.7017,2775.972,2787.7017,2782.5781,2787.37,2812.2745338895375,2780.5288
2805.0,2782.9456,2760.016,2771.481,2776.5984,2780.4885,2797.6006,2785.7134,2797.6006,2790.273,2797.2505,2804.7804779940066,2787.342,2762.7444,2765.541,2770.019,2757.49,2770.019,2765.0176,2769.932,2796.281224143108,2763.017
2816.9999999999995,2787.162,2767.7732,2777.4675,2775.1138,2780.8694,2801.9946,2788.5408,2801.9946,2794.5781,2801.638,2803.169145929483,2791.6118,2760.8936,2762.5686,2777.7761,2765.4614,2777.7761,2772.7747,2777.689,2800.55924360165,2770.774
2839.0,2789.4617,2786.621,2788.0415,2803.911,2786.5635,2804.4324,2788.1277,2804.4324,2796.947,2804.378,2800.4083757525214,2793.9531,2792.0483,2788.8018,2796.6238,2783.496,2796.6238,2791.6223,2796.5366,2816.8397426846204,2789.6218
2839.0,2794.0508,2806.844,2800.4473,2829.0942,2808.7288,2809.0215,2796.0493,2809.0215,2801.5361,2808.967,2801.8668932219784,2798.5422,2806.4246,2806.5042,2816.8464,2804.5188,2816.8464,2811.8452,2816.7595,2833.5478162686054,2809.8447
2831.0,2799.2622,2797.2832,2798.2725,2811.7175,2797.4622,2814.233,2800.6926,2814.233,2806.7476,2814.1782,2808.067467364575,2803.7532,2803.7517,2802.0022,2807.286,2794.5667,2807.286,2802.2847,2807.1987,2825.8379724819993,2800.2837
2835.0,2801.6357,2780.0562,2790.8462,2798.2056,2804.4478,2816.2908,2801.3926,2816.2908,2808.9631,2815.941,2812.7966116468288,2806.0322,2783.2324,2781.5432,2790.059,2777.1506,2790.059,2785.0576,2789.9722,2811.6262800086524,2783.0571
2848.0,2805.6333,2778.354,2791.9937,2796.0413,2808.9805,2820.7815,2806.525,2820.7815,2813.2075,2820.7205,2818.2871872301307,2810.1777,2784.1687,2777.3164,2788.3567,2775.342,2788.3567,2783.3552,2788.0393,2811.18706062911,2781.3547
2834.0,2811.3293,2786.6423,2798.9858,2807.666,2816.9338,2826.478,2811.2915,2826.478,2818.9038,2826.4165,2824.5896660111516,2815.874,2794.0005,2789.225,2796.645,2783.6797,2796.645,2791.6438,2796.3276,2819.9394461197458,2789.6433
2849.0,2814.7014,2787.77,2801.2358,2811.7717,2822.8743,2829.8499,2813.5498,2829.8499,2822.2756,2829.7883,2828.205704862945,2819.2458,2787.2566,2786.905,2797.5688,2785.735,2797.5688,2792.6694,2797.4556,2820.276837016659,2790.71
2846.0,2815.8655,2797.0537,2806.4597,2816.9473,2816.4207,2830.8362,2813.8474,2830.8362,2823.3508,2830.7817,2830.3658406435284,2820.3567,2799.423,2801.7903,2806.6936,2795.2795,2806.6936,2801.8738,2806.7393,2830.6688057823117,2799.9458
2828.0,2818.393,2805.6272,2812.01,2810.367,2810.8499,2833.3638,2816.6653,2833.3638,2825.8784,2832.8406,2830.4723490125516,2822.884,2798.7083,2799.655,2815.2668,2803.883,2815.2668,2810.447,2815.3125,2834.8856210824797,2808.5193
2782.0000000000005,2818.7947,2771.3918,2795.0933,2800.591,2804.1123,2832.8828,2819.178,2832.8828,2825.8386,2832.631,2834.35856998738,2823.021,2772.6597,2764.3818,2781.2515,2768.5688,2781.2515,2776.3218,2781.0774,2805.385342671818,2774.3499
2777.0,2815.8782,2730.9766,2773.4275,2769.3145,2768.5857,2828.5098,2814.6501,2828.5098,2822.194,2829.7146,2832.472637689802,2819.668,2721.4492,2721.3362,2740.836,2728.659,2740.836,2735.9062,2740.662,2767.8960066816867,2733.9346
2755.0,2809.1584,2731.4858,2770.3223,2765.8699,2773.9636,2821.79,2806.9304,2821.79,2815.4744,2822.9946,2824.2100726238273,2812.948,2725.3467,2730.876,2741.3457,2728.963,2741.3457,2736.4155,2741.1714,2767.7443878214563,2734.4438
2766.0,2800.7922,2701.2712,2751.0317,2763.1052,2764.7258,2813.6016,2793.4966,2813.6016,2807.1968,2814.7993,2813.5181306072845,2804.635,2704.2878,2703.9546,2711.1309,2699.546,2711.1309,2706.201,2710.9568,2735.6162476744676,2704.2292
2772.9999999999995,2790.8682,2708.3394,2749.6038,2755.6501,2755.1882,2803.4998,2784.539,2803.4998,2797.1838,2804.7046,2799.989907038346,2794.6577,2712.128,2715.8274,2718.6475,2706.251,2718.6475,2713.4934,2718.255,2739.143438286792,2711.432
2804.0,2775.4443,2736.2407,2755.8425,2770.0925,2777.8457,2789.7095,2770.3372,2789.7095,2782.577,2789.8918,2780.601943015543,2779.7239,2741.916,2748.9548,2746.4631,2735.1052,2746.4631,2741.352,2746.066,2762.7979970895362,2739.3076
2827.0,2767.3315,2738.2627,2752.797,2764.0103,2778.2878,2781.8499,2757.3267,2781.8499,2774.5908,2782.0388,2774.126838580544,2771.6873,2741.2622,2748.5603,2748.0286,2734.838,2748.0286,2743.1455,2747.8884,2764.7442881702464,2741.1924
2840.0,2765.2915,2757.7073,2761.4995,2762.9314,2761.009,2780.1238,2758.883,2780.1238,2772.7078,2779.739,2772.6687342421774,2769.7412,2751.9211,2756.3743,2767.4321,2753.792,2767.4321,2762.5698,2767.1553,2783.1955207506635,2760.625
2842.0,2768.4802,2774.8433,2771.6616,2792.2896,2773.4973,2783.3125,2763.0386,2783.3125,2775.8962,2783.5222,2780.7643105742945,2772.93,2775.258,2778.9336,2784.846,2771.2634,2784.846,2779.8445,2784.8884,2804.459362571342,2777.844
2870.0000000000005,2776.583,2780.3567,2778.47,2797.0955,2778.9846,2791.4153,2768.7612,2791.4153,2783.999,2791.2725,2791.640079448552,2781.0325,2783.2776,2791.1758,2790.3596,2778.2576,2790.3596,2785.3582,2790.3682,2810.7016163741882,2783.3574
2855.0,2789.4014,2794.3276,2791.8647,2810.1199,2792.9033,2804.234,2778.3909,2804.234,2796.8179,2803.8489,2804.8455367765546,2793.8513,2799.0476,2803.3945,2804.3306,2791.083,2804.3306,2799.329,2804.2434,2828.6318893378466,2797.3284
2855.0,2802.9468,2780.5085,2791.7275,2787.6836,2798.1772,2817.9568,2794.4155,2817.9568,2810.452,2817.5652,2821.2075140176153,2807.4497,2783.9165,2787.0754,2790.5112,2777.4387,2790.5112,2785.5098,2790.424,2817.6272281355564,2783.5093
2853.0,2814.202,2784.5522,2799.377,2798.2896,2809.1018,2828.7202,2803.801,2828.7202,2821.4612,2828.6494,2832.33328433866,2818.5576,2786.7383,2790.2144,2794.555,2781.5254,2794.555,2789.5535,2794.4678,2823.0175794981715,2787.553
2855.0,2823.1777,2797.7305,2810.454,2805.4546,2818.6333,2838.01,2813.366,2838.01,2830.594,2837.625,2839.5913700807255,2827.6274,2794.1467,2795.7886,2807.7332,2795.0098,2807.7332,2802.732,2807.646,2834.9504584274728,2800.7312
2878.0,2828.5583,2800.2456,2814.402,2814.481,2822.315,2843.3906,2818.8188,2843.3906,2835.9746,2843.0056,2846.11436644101,2833.008,2801.927,2800.0679,2810.2485,2797.4016,2810.2485,2805.247,2810.1614,2839.745491492495,2803.2463
2880.0,2834.2722,2817.0166,2825.6443,2815.579,2817.8362,2849.282,2829.7385,2849.282,2841.7773,2848.8906,2851.1286374473357,2838.7751,2803.0725,2802.178,2827.0195,2814.4778,2827.0195,2822.018,2826.9321,2854.7193543611183,2820.0173
2856.0,2837.027,2812.9426,2824.9849,2821.8757,2833.8015,2851.8594,2835.6174,2851.8594,2844.443,2851.4746,2856.921102577334,2841.4768,2810.4841,2808.56,2822.9456,2810.5466,2822.9456,2817.944,2822.628,2854.114891339675,2815.9436
2871.0,2836.5222,2778.1848,2807.3535,2792.6677,2797.6624,2849.6472,2836.6528,2849.6472,2843.0847,2851.1406,2860.8447646357627,2840.4597,2775.487,2778.5698,2788.2036,2777.4998,2788.2036,2783.194,2787.87,2824.57251105894,2781.1904
2873.0,2836.9116,2794.764,2815.838,2824.5515,2825.7747,2851.3547,2837.1265,2851.3547,2844.1333,2851.5303,2860.9929522963907,2841.2446,2794.4004,2796.5378,2804.3462,2794.0278,2804.3462,2799.5552,2804.1597,2839.630336319754,2797.6387
2857.0,2836.7522,2801.084,2818.9182,2808.688,2820.5188,2851.2705,2830.0198,2851.2705,2844.0115,2851.1997,2861.3523882943055,2841.108,2780.649,2787.3652,2810.3276,2799.8733,2810.3276,2805.7058,2810.012,2844.107219801905,2803.8572
2885.0,2836.981,2783.4565,2810.2185,2818.3645,2818.2983,2851.246,2830.018,2851.246,2844.1135,2851.4285,2865.933851133395,2841.2605,2781.118,2781.7598,2792.9197,2781.8394,2792.9197,2788.188,2792.3843,2829.028559170678,2786.2954
2882.0,2834.9304,2805.09,2820.0105,2821.465,2828.0398,2849.4485,2828.8674,2849.4485,2842.1895,2849.378,2865.097381325622,2839.286,2796.4983,2800.701,2814.6108,2802.5078,2814.6108,2809.8506,2814.3079,2851.9399595550044,2807.9465
2857.0,2834.918,2797.114,2816.0159,2819.2012,2833.3467,2849.183,2829.2002,2849.183,2842.0505,2849.3655,2867.0413164943116,2839.1975,2786.1619,2789.6472,2806.8555,2795.1174,2806.8555,2801.9846,2806.5095,2845.996106824675,2800.0364
2840.0,2835.2273,2771.8394,2803.5332,2787.1528,2794.836,2848.1748,2823.9243,2848.1748,2841.7012,2849.6748,2869.9644792261856,2839.1116,2759.5664,2765.9377,2781.3025,2769.5796,2781.3025,2776.571,2780.7673,2826.0595580819727,2774.6782
2867.0000000000005,2835.4875,2760.5884,2798.0378,2786.3567,2793.1074,2848.4346,2823.3567,2848.4346,2841.961,2849.935,2869.294933295451,2839.3718,2745.768,2752.6753,2770.0518,2757.7805,2770.0518,2765.32,2769.5164,2814.925977635243,2763.4275
2887.0,2835.4287,2776.8423,2806.1353,2788.9448,2796.0142,2848.5537,2826.3281,2848.5537,2841.991,2850.047,2870.337743068178,2839.3662,2770.9746,2772.491,2786.5828,2774.4065,2786.5828,2781.7126,2786.06,2830.9911932871714,2779.7644
2892.0,2835.9102,2802.133,2819.0215,2809.3887,2828.5571,2850.1125,2828.406,2850.1125,2843.0112,2849.7463,2871.8915430390934,2840.1707,2793.327,2798.6494,2811.932,2800.1162,2811.932,2807.0325,2811.8184,2855.0482909784696,2805.0725
2871.0,2836.4062,2790.428,2813.4172,2818.6973,2827.2598,2850.356,2829.5432,2850.356,2843.3813,2850.2427,2876.445913747854,2840.5913,2793.9548,2797.8953,2800.1646,2790.6802,2800.1646,2795.2964,2799.8235,2847.614349895452,2793.3489
2875.0,2835.4038,2796.095,2815.7493,2822.7617,2826.7166,2849.3533,2827.3018,2849.3533,2842.3784,2849.24,2875.7009650406058,2839.5886,2794.885,2801.7363,2805.713,2795.5493,2805.713,2800.9038,2805.4343,2854.5322594656254,2798.9802
2881.0,2836.7144,2788.6594,2812.6868,2800.2153,2814.396,2850.6638,2827.2024,2850.6638,2843.689,2850.5505,2878.711768416837,2840.899,2775.9795,2774.192,2798.2773,2787.6365,2798.2773,2793.4683,2797.8142,2847.646163635932,2791.5447
2851.0,2839.8145,2802.772,2821.2935,2817.4958,2824.0273,2853.7642,2831.6438,2853.7642,2846.7893,2853.651,2883.3193725047713,2843.9995,2791.6833,2793.7473,2812.3894,2802.3777,2812.3894,2807.5806,2811.9265,2863.1821977051786,2805.6572
2840.0,2842.4377,2781.357,2811.8975,2793.1936,2800.7944,2855.0693,2832.4658,2855.0693,2848.7534,2856.2742,2888.168146435943,2846.2273,2771.8804,2771.0044,2790.9746,2782.05,2790.9746,2786.1658,2790.5117,2842.813148949774,2784.2424
2828.0,2842.262,2776.4565,2809.3594,2803.5647,2797.8328,2855.0713,2836.262,2855.0713,2848.6667,2856.2695,2885.416040780357,2846.105,2783.5022,2780.0854,2786.24,2777.9946,2786.24,2781.3481,2785.611,2835.5765193573284,2779.3916
2813.9999999999995,2838.5334,2782.0564,2810.295,2809.5364,2821.7798,2852.6604,2833.6826,2852.6604,2845.5972,2852.5408,2876.602089722937,2842.7717,2773.0396,2776.7532,2792.0566,2783.5054,2792.0566,2787.0564,2791.4197,2834.9410845144416,2785.0566
2816.0,2833.1106,2768.6348,2800.8726,2782.639,2797.4958,2845.7422,2826.848,2845.7422,2839.4265,2846.9468,2865.6717767943906,2836.9001,2756.4768,2764.4126,2778.6348,2770.5693,2778.6348,2773.6348,2777.998,2817.1646830844193,2771.635
2853.0,2827.942,2781.2964,2804.6191,2802.78,2814.8804,2842.0688,2825.028,2842.0688,2835.0056,2841.949,2854.1093646889217,2832.18,2777.8975,2772.976,2791.2961,2783.9265,2791.2961,2786.2961,2790.6594,2822.5320019499954,2784.2961
2856.0,2825.073,2799.5757,2812.3245,2807.4233,2818.5315,2839.7673,2825.103,2839.7673,2832.4202,2839.0803,2846.8422664882396,2829.4814,2799.0117,2796.0005,2809.6333,2801.688,2809.6333,2804.6045,2809.459,2835.181889408917,2802.593
2879.0,2825.3765,2805.078,2815.2273,2806.0571,2818.6667,2840.0706,2826.71,2840.0706,2832.7236,2839.3838,2843.897280336335,2829.7847,2801.355,2804.5303,2815.8618,2807.3567,2815.8618,2810.47,2815.5247,2838.7002037119196,2808.3132
2889.0,2828.116,2836.374,2832.245,2847.2336,2822.3699,2842.3042,2826.8757,2842.3042,2835.2102,2841.9521,2841.180648201732,2832.3723,2834.1965,2843.4458,2847.1582,2839.3372,2847.1582,2841.766,2846.725,2866.444708216699,2839.6094
2934.0,2835.095,2849.4268,2842.261,2848.9626,2811.9883,2848.673,2831.7449,2848.673,2841.8843,2848.4382,2845.240439656916,2839.1685,2840.0864,2845.1094,2860.211,2852.4333,2860.211,2854.8188,2859.6433,2878.0781200737074,2852.662
2936.0,2847.031,2875.1833,2861.1074,2858.45,2808.7168,2860.6091,2839.0732,2860.6091,2853.8203,2860.3743,2853.9269039181586,2851.1045,2862.0457,2870.414,2885.9675,2877.994,2885.9675,2880.5754,2885.4,2901.310596383201,2878.4185
2912.0,2861.891,2877.8835,2869.8875,2869.8552,2823.9739,2875.4692,2853.3694,2875.4692,2868.6802,2875.2346,2868.4193626864653,2865.9646,2867.569,2869.34,2888.6677,2880.1655,2888.6677,2883.2756,2888.1,2905.1160859081906,2881.1187
2908.0000000000005,2874.7131,2855.166,2864.9397,2854.8643,2843.768,2888.291,2863.756,2888.291,2881.502,2888.0564,2883.355163229204,2878.7864,2852.6033,2858.114,2865.9502,2857.231,2865.9502,2860.558,2865.3823,2886.247972299079,2858.4014
2887.0,2883.76,2862.9653,2873.3625,2857.6973,2856.9497,2897.3381,2873.037,2897.3381,2890.5488,2897.1033,2890.9063267571933,2887.8335,2850.6418,2853.8013,2873.5046,2864.69,2873.5046,2868.2349,2872.9512,2894.86977548067,2866.1272
2886.0,2889.5068,2844.4182,2866.9626,2862.905,2860.168,2902.518,2879.59,2902.518,2896.0127,2902.8503,2899.354369098392,2893.4102,2836.8047,2838.4978,2854.696,2846.533,2854.696,2849.5571,2854.1145,2879.6211447876494,2847.5015
2834.0,2894.1384,2831.4363,2862.7874,2843.7302,2847.2927,2906.0093,2890.207,2906.6123,2900.0737,2907.6526,2905.984015662182,2897.8806,2826.64,2821.7969,2841.8325,2833.9358,2841.8325,2836.6345,2841.6526,2867.586180751278,2834.5552
2828.0,2890.836,2817.4424,2854.1392,2843.622,2848.684,2902.707,2892.5896,2903.3103,2896.7715,2904.3506,2905.822942752274,2894.5784,2809.1628,2812.1802,2828.2869,2819.8472,2828.2869,2822.8645,2827.6584,2854.5525778842525,2820.6956
2808.0,2882.9897,2807.795,2845.3923,2840.0837,2835.7964,2894.6829,2880.4531,2895.4639,2888.8364,2896.3335,2897.1184098909944,2886.732,2805.2537,2806.1387,2818.7986,2810.484,2818.7986,2813.2969,2818.011,2842.4264492392263,2811.096
2829.0,2872.5115,2810.593,2841.552,2830.4597,2825.7659,2884.2043,2867.9,2884.9854,2878.358,2885.8547,2880.511819021548,2876.2534,2802.7915,2807.6694,2821.5967,2814.461,2821.5967,2816.0947,2820.809,2839.9052947297073,2813.894
2816.9999999999995,2861.9595,2817.8108,2839.8853,2829.3398,2824.7078,2874.9705,2856.7935,2874.9705,2868.465,2875.3027,2863.7644292310515,2865.8628,2805.2583,2807.8042,2828.9287,2821.3508,2828.9287,2823.37,2828.1917,2841.717969327967,2821.1462
2811.0,2850.599,2821.1626,2835.8809,2826.3672,2818.7703,2863.6902,2842.323,2863.6902,2857.1445,2863.9424,2846.0907388156434,2854.5264,2812.2585,2817.7275,2832.0608,2824.542,2832.0608,2826.6118,2831.543,2840.9382420470747,2824.4321
2816.0,2839.7278,2810.5835,2825.1558,2821.9692,2814.8542,2853.1304,2831.4878,2853.1304,2846.4292,2853.071,2831.3158167043443,2843.7485,2807.9656,2813.706,2821.482,2814.1562,2821.482,2816.0325,2820.8557,2827.8593765943524,2813.853
2787.0,2831.162,2792.2944,2811.7283,2817.8738,2802.7905,2844.3118,2824.825,2844.3118,2837.7368,2844.5054,2821.578978036115,2835.107,2794.7239,2801.2014,2803.4124,2796.588,2803.4124,2797.8533,2802.5667,2809.9957481269903,2795.63
2791.0,2823.393,2772.427,2797.91,2812.418,2795.134,2836.72,2823.18,2836.72,2830.0566,2836.9072,2814.8717528876064,2827.391,2780.8872,2777.5427,2783.4211,2776.7432,2783.4211,2777.924,2782.6992,2791.0352166950597,2775.7253
2816.9999999999995,2816.237,2773.3538,2794.7954,2802.701,2780.1763,2829.3865,2810.5803,2829.3865,2822.8118,2829.5803,2806.698239894513,2820.182,2774.0952,2778.774,2784.0977,2777.9678,2784.0977,2778.7258,2783.5374,2791.8039786849436,2776.577
2787.0,2811.613,2792.9824,2802.2976,2808.2798,2794.889,2825.3296,2809.4304,2825.3296,2818.4712,2824.9563,2801.1499464017484,2815.7278,2803.309,2806.0698,2805.2847,2801.1482,2805.2847,2799.1335,2804.5945,2808.9247336509798,2796.673
2761.0,2806.3374,2766.7256,2786.5317,2798.0564,2784.74,2819.487,2801.422,2819.487,2812.912,2820.1494,2801.256865958463,2810.2822,2775.6328,2777.9146,2779.4976,2776.559,2779.4976,2773.1116,2778.6104,2788.457196262313,2770.5571
2745.0,2800.5518,2751.2402,2775.896,2785.4612,2767.2605,2813.7012,2796.634,2813.7012,2807.1265,2813.895,2796.0751985918027,2804.4966,2752.0757,2749.024,2764.666,2762.8777,2764.2356,2757.9531,2763.3926,2773.063619498502,2755.139
2754.0,2793.491,2744.7437,2769.1172,2789.9104,2772.3271,2806.7937,2791.1719,2806.7937,2800.1423,2806.8342,2788.4022793920326,2797.4817,2761.9106,2763.0781,2759.0205,2758.0122,2757.739,2751.882,2757.502,2767.3246846767493,2748.642
2752.0,2788.172,2737.7817,2762.977,2780.2131,2760.2566,2801.475,2783.2375,2801.475,2794.8235,2801.6665,2781.295321757631,2792.163,2755.2986,2754.9785,2752.861,2751.7632,2750.7769,2745.3213,2752.3218,2758.588292640721,2741.6802
2775.9999999999995,2783.5515,2740.3474,2761.9492,2778.9407,2763.433,2797.0317,2790.7505,2797.0317,2790.2915,2797.217,2774.526568479255,2787.5955,2751.5305,2753.631,2755.427,2754.6077,2753.3428,2747.8872,2754.8875,2759.5439894972264,2744.2458
2788.0,2777.2922,2771.3552,2774.3237,2781.1438,2757.926,2791.1619,2780.3625,2791.1619,2784.227,2790.7866,2763.331221336141,2781.453,2774.5222,2780.412,2786.215,2785.0996,2784.3506,2778.785,2785.8953,2785.410571412228,2775.254
2822.0,2774.6282,2774.8154,2774.7217,2788.7278,2756.2703,2788.4978,2777.2712,2788.4978,2781.563,2788.1226,2758.661880970117,2778.789,2791.0405,2791.4297,2789.6753,2788.5696,2787.8108,2782.245,2789.3555,2789.141062898431,2778.714
2816.0,2778.2698,2814.0027,2796.1365,2817.6602,2761.6602,2792.1414,2779.3325,2792.1414,2785.2056,2792.3757,2757.918500599036,2782.4314,2819.7493,2830.0151,2828.8625,2827.7524,2826.998,2821.4326,2828.543,2823.6507830176292,2817.9014
2824.0,2785.4565,2804.0479,2794.7522,2812.018,2763.7107,2799.6418,2785.4622,2799.6418,2792.5493,2799.5623,2766.7876700872034,2789.7122,2808.1646,2808.4119,2818.908,2817.155,2817.0435,2811.4778,2818.5881,2817.1873094746916,2807.9465
2840.0,2786.867,2802.1777,2794.5225,2834.7144,2775.1023,2801.3735,2787.5903,2801.3735,2794.12,2800.9724,2774.4645986684595,2791.219,2826.9084,2835.2703,2816.793,2815.9548,2815.1733,2809.4856,2816.6199,2824.623555460696,2806.0764
2875.0,2796.475,2778.8684,2787.6716,2806.5393,2774.638,2810.6658,2804.5652,2810.6658,2803.5706,2809.9695,2791.307603189574,2800.7322,2798.7395,2798.2083,2793.0022,2792.2722,2791.8638,2785.9353,2793.021,2808.098749931798,2782.767
2878.0,2812.04,2822.3286,2817.1843,2834.4185,2795.2656,2826.4087,2818.7375,2826.4087,2819.2246,2825.7053,2803.8403764222517,2816.3506,2833.5564,2834.108,2836.5518,2835.4165,2835.3242,2829.4404,2836.244,2843.159403323523,2826.2273
2886.0,2829.126,2850.549,2839.8376,2856.5886,2818.0076,2843.1733,2833.1746,2843.1733,2836.1497,2843.0085,2822.526707245839,2833.3403,2848.1343,2851.2842,2865.2498,2863.6843,2863.5447,2857.8997,2865.219,2867.459256433305,2854.4478
2890.0,2843.8108,2865.8845,2854.8474,2875.0498,2842.3457,2857.6807,2854.2046,2857.6807,2850.7456,2858.016,2841.597039397847,2847.9714,2872.193,2878.4106,2880.7441,2879.5796,2878.88,2873.3142,2880.5205,2882.0620707902776,2869.7832
2874.0,2859.0103,2879.3196,2869.1648,2884.7527,2847.8352,2872.88,2866.4104,2872.88,2865.945,2872.9734,2853.842799669346,2863.171,2885.5515,2894.8025,2894.1792,2892.3728,2892.315,2886.7495,2893.7703,2894.269597393368,2883.218
2873.0,2867.988,2873.236,2870.612,2871.5388,2833.7974,2881.8582,2871.8594,2881.8582,2874.923,2881.9512,2862.2045256398947,2872.1492,2875.5588,2878.4756,2887.4397,2885.0703,2886.2317,2880.338,2887.3066,2888.48841448171,2877.1348
2880.0,2872.3582,2836.1855,2854.272,2863.0,2845.0667,2885.9138,2875.9512,2885.9138,2879.136,2886.3213,2870.3921510854025,2876.4248,2846.8125,2848.2222,2849.9832,2847.5032,2849.1812,2843.0845,2849.7175,2856.9667506070064,2840.0842
2877.0,2874.9143,2836.5552,2855.7349,2861.9219,2848.6887,2888.3948,2883.0413,2888.3948,2881.6545,2889.0486,2874.390712288574,2878.9587,2850.3862,2849.6472,2850.2896,2848.203,2849.5505,2843.422,2849.8818,2856.8046989497207,2840.4536
2880.0,2876.7483,2847.799,2862.2737,2851.4937,2857.1084,2890.482,2879.3306,2890.482,2883.615,2890.8826,2872.733144831817,2880.8682,2847.4216,2849.334,2859.2915,2854.7646,2859.2915,2853.5454,2859.9282,2861.655511124322,2851.2468
2884.0,2875.3523,2880.2424,2877.7974,2873.569,2856.2766,2889.5378,2875.901,2889.5378,2882.445,2889.9268,2865.741808802659,2879.6077,2870.3354,2867.9805,2891.9392,2885.7852,2891.9392,2886.0906,2891.9565,2887.0160719863193,2883.7512
2898.0,2873.2512,2868.4504,2870.8506,2861.2534,2859.9895,2887.4368,2873.8367,2887.4368,2880.344,2887.8257,2865.7941304294077,2877.5066,2870.7175,2869.8818,2879.1704,2872.0493,2879.1704,2873.8105,2879.7156,2878.582726526043,2871.6663
2874.0,2871.3582,2875.8718,2873.615,2867.2869,2853.276,2885.7188,2869.9475,2885.7188,2878.5386,2885.9326,2865.8612877442083,2875.6663,2865.7563,2867.9802,2885.5867,2876.8367,2885.5867,2880.7292,2886.501,2886.9729923343816,2878.7864
2859.0,2871.7393,2823.7192,2847.7295,2833.4128,2848.6365,2885.5002,2866.4275,2885.5002,2878.6199,2886.0442,2870.75779178215,2875.8677,2825.0698,2817.1921,2832.7373,2823.4216,2832.7373,2828.2283,2832.2078,2840.8059949377857,2826.4246
2892.0,2868.7642,2834.7441,2851.7542,2842.3896,2854.7217,2882.7783,2867.3992,2882.7783,2875.7715,2883.0693,2869.0188036410964,2872.9688,2835.8767,2837.8977,2843.5425,2834.8638,2843.5425,2839.1436,2843.233,2852.3483056925825,2837.3838
2842.0,2871.5984,2868.842,2870.2202,2856.0938,2862.048,2886.7412,2874.3809,2886.7412,2879.1697,2886.6853,2869.933280873951,2876.141,2862.241,2860.9626,2877.6404,2868.1062,2877.6404,2873.2412,2877.4631,2881.2254274319034,2871.4814
2830.0,2869.0144,2825.251,2847.1328,2848.3616,2862.4753,2883.4124,2868.4336,2883.4124,2876.2134,2883.9307,2870.1572262041386,2873.334,2831.3325,2830.7444,2834.5464,2825.4717,2834.5464,2829.8987,2834.2578,2844.2499773901072,2828.0396
2834.0,2863.5027,2805.3289,2834.4155,2826.3901,2836.233,2876.6218,2862.926,2876.6218,2870.0623,2878.5894,2865.3360180087425,2867.4382,2814.2651,2819.8105,2814.4658,2805.7935,2814.4658,2809.8972,2814.5576,2826.699948923434,2808.0698
2837.0,2858.097,2813.5645,2835.8306,2826.7166,2853.699,2871.858,2855.1367,2871.858,2864.9773,2872.6619,2855.863388034989,2862.2253,2807.0745,2810.676,2822.5825,2813.3298,2822.5825,2818.0732,2822.0527,2829.7796411430854,2816.2698
2788.0,2854.392,2826.9355,2840.6638,2821.7485,2845.9697,2868.72,2851.473,2868.72,2861.5562,2869.2915,2844.788887025721,2858.6904,2825.2795,2825.8174,2835.734,2826.9617,2835.734,2831.3345,2835.5537,2835.4812352249623,2829.575
2794.0,2843.7373,2798.8013,2821.2693,2826.41,2853.2302,2857.9602,2841.275,2857.9602,2850.8489,2859.6406,2836.4541196606015,2848.0042,2800.3643,2807.67,2808.3008,2799.3083,2808.3008,2803.5508,2807.805,2811.113864384278,2801.651
2786.0,2830.3955,2770.4521,2800.4238,2800.9116,2800.8274,2842.7002,2828.3884,2842.8694,2836.5479,2844.9424,2824.6517893450373,2834.1377,2784.7202,2781.1724,2779.748,2770.758,2779.748,2775.1,2779.6443,2786.1367331094666,2773.241
2771.0,2818.069,2749.915,2783.9922,2793.738,2801.5386,2831.1885,2818.7883,2831.1885,2824.6287,2833.4163,2811.5003622357585,2822.0051,2771.5012,2772.8223,2759.0242,2750.7168,2759.0242,2754.4695,2758.76,2767.3889947256066,2752.6477
2769.0,2805.2175,2735.3638,2770.2905,2778.7944,2785.6995,2817.522,2808.264,2817.6914,2811.3696,2820.0469,2798.90465548054,2808.9595,2751.9797,2759.13,2744.3816,2736.5137,2744.3816,2739.8726,2743.995,2753.113960284996,2738.0688
2793.0,2795.0452,2749.786,2772.4155,2794.7651,2820.5623,2809.268,2804.0845,2809.268,2802.1567,2811.6316,2788.3125629808,2799.312,2770.9873,2773.4016,2758.8894,2751.3076,2758.8894,2754.3374,2758.448,2763.047187604529,2752.5168
2853.0,2788.193,2778.6616,2783.4275,2793.9097,2810.7078,2802.9832,2796.8008,2802.9832,2795.5881,2804.7617,2780.1810812077015,2792.6304,2794.9756,2794.9897,2787.5752,2779.518,2787.5752,2783.1184,2787.6187,2788.2300127875374,2781.3357
2846.0,2789.164,2825.019,2807.0913,2826.1963,2801.0293,2803.8174,2794.2976,2803.8174,2796.4905,2805.639,2778.37187874783,2793.5598,2819.4841,2811.0962,2834.3865,2825.3264,2834.3865,2829.7026,2834.4578,2829.545726722042,2827.8293
2856.0,2791.7087,2814.087,2802.8977,2833.8381,2791.4688,2805.7087,2794.7017,2805.7087,2798.7087,2806.2556,2786.606891942063,2795.9087,2821.3164,2823.8093,2823.4817,2814.7664,2823.4817,2818.7842,2823.7144,2827.1229410298542,2816.9053
2868.0,2797.3638,2802.0732,2799.7188,2819.254,2784.0774,2811.258,2801.7437,2811.258,2804.3108,2811.3467,2795.4266383128347,2801.532,2817.4365,2822.0647,2811.4443,2803.5203,2811.4443,2806.7585,2811.5374,2819.186922158066,2804.8848
2877.0,2806.9985,2806.3777,2806.6882,2815.7236,2797.206,2821.2085,2812.9958,2821.2085,2814.1035,2821.8528,2809.297452764115,2811.2617,2824.5251,2818.3635,2815.9377,2807.6306,2815.9377,2811.158,2815.653,2828.2545046439627,2809.2458
2875.0,2819.9336,2834.1426,2827.038,2842.9963,2809.1414,2834.465,2822.2188,2834.465,2827.1995,2834.7878,2822.5588898864926,2824.2932,2831.4993,2832.5144,2843.8032,2835.3604,2843.8032,2838.9731,2843.5503,2851.9672748287917,2837.0408
2877.0,2831.837,2841.6658,2836.7512,2864.3047,2827.5994,2846.1904,2834.2585,2846.1904,2839.0137,2847.115,2835.8205128707855,2836.143,2849.4543,2849.2595,2851.446,2844.1917,2851.446,2846.5557,2851.2966,2860.962306057083,2844.5996
2863.0,2843.8867,2852.4177,2848.1523,2868.5808,2845.593,2858.102,2854.4412,2858.102,2850.9941,2858.9663,2847.4555249179825,2848.1511,2855.8022,2854.9954,2862.198,2855.5076,2862.198,2857.3079,2862.0044,2870.0055466420895,2855.3518
2867.0000000000005,2854.0786,2832.3118,2843.195,2849.6238,2859.6497,2868.4402,2867.006,2868.4402,2861.2593,2869.3132,2859.179262004379,2858.387,2841.5679,2837.396,2841.9722,2834.8276,2841.9722,2837.1418,2842.0505,2851.9492205289853,2835.21
2844.0,2860.6143,2823.706,2842.1604,2849.2334,2854.323,2874.409,2871.8022,2874.409,2867.5117,2875.985,2865.796424297379,2864.7527,2832.8132,2825.5227,2833.8289,2826.281,2833.8289,2828.7673,2833.445,2844.6960162197556,2826.743
2837.0,2859.9683,2813.424,2836.6963,2845.2527,2848.0789,2873.1177,2865.0786,2873.1177,2866.5427,2874.0222,2866.3664009083036,2863.9128,2816.388,2812.7456,2823.8203,2815.9255,2823.8203,2818.6223,2823.506,2838.1975289920306,2816.543
