Date,Corn,TR,IR,ER,ine,FP.CFI,CFD,GPR,EPU,corn
26/3/2018,1760,2.908,2.543,6.3193,428.61,115.5879,374,103.49,89.77,1760
27/3/2018,1747,2.908,2.5935,6.2816,422.77,115.6918,374,119.24,22.48,1747
28/3/2018,1749,2.908,2.592,6.2785,409.22,115.3216,373.2,101.48,26.48,1749
29/3/2018,1745,2.908,2.581,6.3046,408.67,114.3629,387,213.3,16.75,1745
30/3/2018,1744,2.9223,2.69,6.2881,419.09,115.8904,387,62.7,44.07,1744
2/4/2018,1750,2.9223,2.622,6.2764,415.4,117.1549,387,149.57,167.71,1750
3/4/2018,1745,2.9223,2.574,6.2833,401.62,116.9632,388,37.31,88.73,1745
4/4/2018,1760,2.9223,2.469,6.2926,400.75,117.6011,381.4,151.7,52.9,1760
9/4/2018,1758,2.9223,2.528,6.3114,401.58,120.3876,398.2,83.72,275.14,1758
10/4/2018,1749,2.9223,2.551,6.3071,412.61,119.2871,398,58.76,56.17,1749
11/4/2018,1751,2.9223,2.561,6.2911,417.09,118.5292,394.6,93.37,79.88,1751
12/4/2018,1744,2.9223,2.557,6.2834,428.15,118.0022,396,120.34,190.11,1744
13/4/2018,1748,2.6067,2.557,6.2898,426.43,117.7523,393.6,100.36,141.34,1748
16/4/2018,1741,2.6067,2.582,6.2884,423.93,117.3638,391,70.18,65.26,1741
17/4/2018,1740,2.6067,2.665,6.2771,426.73,116.7768,389.2,115.9,65.55,1740
18/4/2018,1738,2.6067,2.679,6.2817,429.17,117.0627,391,188.22,71.44,1738
19/4/2018,1737,2.6067,2.733,6.2832,440.11,117.039,390,136.36,46.61,1737
20/4/2018,1742,2.6242,2.747,6.2897,436.28,117.5159,385.2,302.92,47.54,1742
23/4/2018,1741,2.6242,2.724,6.3034,439.21,117.3841,387.2,136.91,66.91,1741
24/4/2018,1738,2.6242,2.736,6.3229,446.91,116.8141,389.6,114.36,35.09,1738
25/4/2018,1737,2.6242,2.728,6.3066,437.65,116.9803,395,86.08,108.69,1737
26/4/2018,1727,2.6242,2.765,6.3283,441.05,116.5812,395,226.18,68.42,1727
27/4/2018,1731,2.6937,2.921,6.3393,443.81,116.0989,398.2,261.32,25.82,1731
2/5/2018,1736,2.6937,2.72,6.367,443.05,116.8711,405,367.27,95.92,1736
3/5/2018,1739,2.6937,2.681,6.3732,446.67,117.0369,408,225.3,57.16,1739
4/5/2018,1744,2.6287,2.594,6.3521,446.54,116.6645,405.4,91.93,38.51,1744
7/5/2018,1742,2.6287,2.582,6.3584,458.01,116.8864,400.6,74.92,96.74,1742
8/5/2018,1744,2.6287,2.575,6.3674,458.7,115.8917,403.6,48.75,100.02,1744
9/5/2018,1747,2.6287,2.52,6.3733,464.81,115.7457,403,100.73,62.2,1747
10/5/2018,1752,2.6287,2.509,6.3768,476,116.1104,401,218.1,74.02,1752
11/5/2018,1754,2.6718,2.487,6.3524,470.88,115.9238,396.2,244.38,78.27,1754
14/5/2018,1763,2.6718,2.58,6.3345,465.29,115.6248,396.2,207.48,127.21,1763
15/5/2018,1767,2.6718,2.641,6.3486,472.49,115.2654,402,114.51,42.73,1767
16/5/2018,1770,2.6718,2.766,6.3745,472.77,114.5035,399.2,130.81,50.06,1770
17/5/2018,1768,2.6718,2.597,6.3679,481.44,114.5916,395.4,74.95,74.49,1768
18/5/2018,1772,2.7441,2.563,6.3763,486.11,115.2023,401.4,138.88,129.32,1772
21/5/2018,1780,2.7441,2.527,6.3852,482.09,115.8179,402.2,197.56,87.84,1780
22/5/2018,1769,2.7441,2.525,6.3799,484.83,115.9772,404,239.83,92.17,1769
23/5/2018,1764,2.7441,2.53,6.3773,484.32,116.0044,408.2,193.56,171.23,1764
24/5/2018,1785,2.7441,2.53,6.3816,484.79,116.6735,404,217.98,48.9,1785
25/5/2018,1779,2.7982,2.528,6.3867,477.23,117.1073,405.6,86.8,102.1,1779
28/5/2018,1784,2.7982,2.533,6.3962,462.68,116.5621,405.6,38.17,49.45,1784
29/5/2018,1788,2.7982,2.742,6.4021,463.6,117.1269,400,99.41,50.44,1788
30/5/2018,1780,2.7982,2.884,6.4207,463.56,118.0106,393.4,168.4,135.21,1780
31/5/2018,1777,2.7982,2.831,6.4144,472.22,117.4877,393.6,413.54,77.32,1777
1/6/2018,1768,2.9247,2.801,6.4078,474.42,117.4714,391.2,367.72,109.62,1768
4/6/2018,1768,2.9247,2.599,6.4208,470.57,117.7472,381,225.67,80.79,1768
5/6/2018,1762,2.9247,2.584,6.4157,465.9,116.414,383.6,132.88,36.31,1762
6/6/2018,1763,2.9247,2.562,6.404,464.79,115.7773,378.6,125.78,37.98,1763
7/6/2018,1767,2.9247,2.555,6.3919,465.43,115.3818,376,184.97,55.99,1767
8/6/2018,1755,2.9068,2.563,6.4003,468.09,113.8393,377.6,159.58,112.51,1755
11/6/2018,1753,2.9068,2.573,6.4064,467.31,113.3529,367.2,147.3,138.36,1753
12/6/2018,1753,2.9068,2.584,6.4121,471.79,113.2181,398,218.67,235.59,1753
13/6/2018,1756,2.9068,2.589,6.4156,464.35,112.9444,396.2,106.97,137.07,1756
14/6/2018,1763,2.9068,2.591,6.3962,467.92,113.1704,386,65.2,96.72,1763
15/6/2018,1760,2.9166,2.592,6.4306,467,113.1273,383.2,35.16,68.71,1760
19/6/2018,1763,2.9166,2.59,6.4235,460.14,113.2691,376,175.55,165.86,1763
20/6/2018,1770,2.9166,2.619,6.4586,463.99,112.1601,376.2,120.11,222.05,1770
21/6/2018,1767,2.9166,2.593,6.4706,459.67,112.2259,378,214.82,71.67,1767
22/6/2018,1767,3.0371,2.586,6.4804,458.86,111.4772,377.4,248.53,80.35,1767
25/6/2018,1776,3.0371,2.564,6.4893,466.23,112.1524,371.2,214.8,63.53,1776
26/6/2018,1780,3.0371,2.518,6.518,471.26,112.3385,373,139.97,218.91,1780
27/6/2018,1786,3.0371,2.445,6.5569,484.77,113.3653,372,102.02,39.58,1786
28/6/2018,1781,3.0371,2.289,6.596,490.76,113.6972,366.4,140.48,89.28,1781
29/6/2018,1787,3.1218,2.628,6.6166,494.57,114.1791,370.4,110.01,54.02,1787
2/7/2018,1785,3.1218,2.519,6.6157,501.3,114.5929,360,202.29,80.26,1785
3/7/2018,1786,3.1218,2.42,6.6497,503.33,114.206,365,80.26,119.73,1786
4/7/2018,1785,3.1218,2.199,6.6595,496.5,114.0328,365,263.59,87.2,1785
5/7/2018,1778,3.1218,2.132,6.618,497.37,113.1367,363.2,119.65,80.07,1778
6/7/2018,1779,2.4227,1.967,6.6336,495.47,112.8827,371.6,51.85,184.49,1779
9/7/2018,1782,2.4227,1.991,6.6393,497.51,113.2294,367.4,218.74,110.48,1782
10/7/2018,1776,2.4227,2.308,6.6259,504.65,112.2042,360.2,242.25,81.98,1776
11/7/2018,1845,2.4227,2.406,6.6234,507.7,111.8976,353.6,159.78,40.76,1845
12/7/2018,1844,2.4227,2.487,6.6726,492.36,111.4811,358.2,119.46,84.92,1844
13/7/2018,1848,2.4938,2.48,6.6727,490.9,111.2398,353.6,155.8,74.75,1848
16/7/2018,1863,2.4938,2.557,6.6758,491.67,110.8852,355.6,108.02,89.31,1863
17/7/2018,1862,2.4938,2.591,6.6821,478.96,111.719,359.6,128.66,58.55,1862
18/7/2018,1862,2.4938,2.525,6.6914,481.23,111.8726,360.6,192.45,75.12,1862
19/7/2018,1861,2.4938,2.416,6.7066,485.81,111.9598,365,208.84,55.33,1861
20/7/2018,1858,2.3939,2.346,6.7671,493.03,112.2811,368,200.81,132.11,1858
23/7/2018,1835,2.3939,2.362,6.7593,490.1,112.0843,370.2,220.09,78.59,1835
24/7/2018,1840,2.3939,2.353,6.7891,494.38,111.7919,366,96.99,77.37,1840
25/7/2018,1835,2.3939,2.349,6.804,502.76,112.512,372,134.24,57.92,1835
26/7/2018,1837,2.3939,2.321,6.7662,503.38,112.9165,375,27.2,104.65,1837
30/7/2018,1844,2.2629,2.198,6.8131,509.49,113.6736,381.2,56.94,153.38,1844
31/7/2018,1854,2.2629,2.066,6.8165,512.74,114.3263,385.6,142.8,91.35,1854
1/8/2018,1855,2.2629,2.028,6.8293,502.9,113.8019,379.4,141.26,57.71,1855
2/8/2018,1851,2.2629,1.97,6.7942,502.96,113.5702,381,121.82,117.93,1851
3/8/2018,1845,2.1185,1.849,6.8322,512.95,113.398,384.6,82.6,87.73,1845
6/8/2018,1872,2.1185,1.819,6.8513,518.26,113.8155,384.6,29.62,112.91,1872
7/8/2018,1869,2.1185,1.613,6.8431,536.67,114.6336,384.2,79.68,72.24,1869
8/8/2018,1888,2.1185,1.422,6.8313,521.01,115.2267,384.4,107.57,56.98,1888
9/8/2018,1874,2.1185,1.622,6.8317,514.98,116.1493,382,212.49,69.96,1874
10/8/2018,1874,1.9653,1.826,6.8395,508.22,115.8926,371,164.55,76.97,1874
13/8/2018,1893,1.9653,2.113,6.8629,511.06,114.8088,370.4,100.29,88.52,1893
14/8/2018,1892,1.9653,2.328,6.8695,516.85,114.803,376.4,164.83,55.18,1892
15/8/2018,1892,1.9653,2.345,6.8856,511.21,115.1389,376,52.52,20.08,1892
16/8/2018,1883,1.9653,2.511,6.8946,498.92,113.9182,379.6,61.62,30.89,1883
17/8/2018,1865,2.0885,2.58,6.8894,496.96,114.0509,378.6,143.98,62.36,1865
20/8/2018,1873,2.0885,2.625,6.8718,490.67,113.6787,377.2,129.71,45.18,1873
21/8/2018,1869,2.0885,2.636,6.836,495.38,113.5836,373.2,65.49,81.92,1869
22/8/2018,1884,2.0885,2.538,6.8271,503.48,114.0978,367.4,117.84,38.52,1884
23/8/2018,1878,2.0885,2.454,6.8367,506.7,113.5801,360.4,166.74,89.75,1878
24/8/2018,1876,2.1307,2.392,6.871,510.28,113.1429,363.4,105.74,80.33,1876
27/8/2018,1882,2.1307,2.44,6.8508,509.24,112.2958,360.2,88.04,108.44,1882
28/8/2018,1887,2.1307,2.4255,6.8052,510.46,111.9428,356.2,137.92,165.65,1887
29/8/2018,1877,2.1307,2.3895,6.8072,507.54,111.7519,356.4,144.78,92.96,1877
30/8/2018,1884,2.1307,2.277,6.8113,521,111.8815,356,150.83,90.46,1884
31/8/2018,1904,2.1201,2.309,6.8246,522.28,112.0507,365,247.37,121.46,1904
3/9/2018,1924,2.1201,2.277,6.8347,519.41,112.1196,365,119.24,115.11,1924
4/9/2018,1915,2.1201,2.195,6.8183,523.29,112.4171,368.4,135.96,74.36,1915
5/9/2018,1916,2.1201,2.164,6.8266,520.94,112.5827,365,115.98,37.66,1916
6/9/2018,1914,2.1201,2.494,6.8217,519.7,112.4346,366,232.55,68.5,1914
7/9/2018,1914,2.1254,2.591,6.8212,516.56,112.3125,366.6,114.29,67.9,1914
10/9/2018,1924,2.1254,2.573,6.8389,524.23,112.8214,367.2,117.84,47.25,1924
11/9/2018,1918,2.1254,2.59,6.8488,524.05,113.0908,366,118.95,49.37,1918
12/9/2018,1904,2.1254,2.557,6.8546,535.68,113.0867,353,76.13,40.31,1904
13/9/2018,1882,2.1254,2.53,6.8488,533.1,112.1771,350.4,191.99,29.73,1882
14/9/2018,1880,2.1209,2.489,6.8362,525.63,112.0257,352,94.06,36.1,1880
17/9/2018,1884,2.1209,2.466,6.8509,527.7,112.3496,348,195.59,100.71,1884
18/9/2018,1885,2.1209,2.654,6.8554,523.28,112.3339,343,189.15,71.72,1885
19/9/2018,1888,2.1209,2.562,6.8569,528.52,111.5217,345,153.03,74.06,1888
20/9/2018,1893,2.1209,2.519,6.853,535.69,111.6379,352.4,82.22,54.24,1893
21/9/2018,1882,2.0735,2.514,6.8357,531.92,111.5735,357.2,143.71,88.17,1882
25/9/2018,1861,2.0735,2.543,6.844,549.05,112.6101,363.6,26.67,55.65,1861
26/9/2018,1858,2.0735,2.553,6.8571,554.15,113.4756,362.6,13.02,37.16,1858
27/9/2018,1853,2.0735,2.46,6.8642,557.66,113.28,364.4,154.7,22.95,1853
28/9/2018,1847,2.0735,2.445,6.8792,563.49,113.6517,356.6,119.24,52.38,1847
8/10/2018,1864,2.0735,2.536,6.8957,572.35,115.4996,366.4,189.21,112.49,1864
9/10/2018,1864,2.0735,2.502,6.9019,592.76,116.7232,364.4,144.78,31.39,1864
10/10/2018,1846,2.0735,2.398,6.9072,597.19,116.7839,362,231.88,58.99,1846
11/10/2018,1867,2.0735,2.36,6.9098,574.15,116.3658,369,112.66,68.38,1867
12/10/2018,1863,1.9269,2.439,6.912,573.18,115.9176,373,89.68,103.11,1863
15/10/2018,1854,1.9269,2.377,6.9154,572.89,116.1222,377,177.11,85.8,1854
16/10/2018,1855,1.9269,2.373,6.9119,559.89,115.856,375.2,258.36,109.71,1855
17/10/2018,1858,1.9269,2.353,6.9103,565.94,115.4585,374,166.94,77.94,1858
18/10/2018,1868,1.9269,2.427,6.9275,554.69,115.7488,370.4,262.33,100.13,1868
19/10/2018,1876,2.1712,2.445,6.9387,551.81,115.3379,366.4,162.23,70.3,1876
22/10/2018,1888,2.1712,2.475,6.9236,559.24,114.9032,369.2,231.9,89.49,1888
23/10/2018,1883,2.1712,2.451,6.9338,554.09,114.6157,370,103.7,52.04,1883
24/10/2018,1886,2.1712,2.393,6.9357,536.24,114.3004,368,169.25,73.6,1886
25/10/2018,1891,2.1712,2.215,6.9409,536.24,114.1595,361.2,186.33,89.53,1891
26/10/2018,1891,2.2207,2.067,6.951,538.08,113.8454,368,128.87,65.53,1891
29/10/2018,1897,2.2207,1.852,6.9377,536.42,113.5208,367,155.76,64.23,1897
30/10/2018,1910,2.2207,1.566,6.9574,541.95,112.7943,364.6,156.79,51.28,1910
31/10/2018,1891,2.2207,2.37,6.9646,536.6,112.4692,363.2,34.25,79.07,1891
1/11/2018,1890,2.2207,2.547,6.967,524.43,111.974,365.6,54.28,84.17,1890
2/11/2018,1880,2.3193,2.477,6.9371,512.4,109.9268,371,112.24,82.99,1880
5/11/2018,1888,2.3193,2.4345,6.8976,511.05,109.6113,373.4,209.2,90.47,1888
6/11/2018,1889,2.3193,2.27,6.9075,509.88,110.085,372.4,158.76,148.95,1889
7/11/2018,1893,2.3193,2.0906,6.9065,500.9,110.0083,372,123.11,61.17,1893
8/11/2018,1895,2.3193,1.978,6.9163,505.71,109.6043,373.2,51.76,51.63,1895
9/11/2018,1916,2.2507,2.038,6.9329,498.08,109.1234,369.6,57.81,41.01,1916
12/11/2018,1921,2.2507,2.309,6.9476,501.7,108.7762,369.6,72.17,42.33,1921
13/11/2018,1911,2.2507,2.468,6.9629,488.02,108.4215,366,182.04,64.87,1911
14/11/2018,1897,2.2507,2.325,6.9402,470.69,107.577,378,214.64,53.94,1897
15/11/2018,1880,2.2507,2.339,6.9392,469.31,107.2704,378,165.12,55.04,1880
16/11/2018,1887,2.2158,2.345,6.9377,473.81,108.1736,375.6,119.41,30.47,1887
19/11/2018,1898,2.2158,2.551,6.9245,472.72,107.9999,373.4,68.78,10.92,1898
20/11/2018,1964,2.2158,2.609,6.928,466.04,107.5649,372.6,58.72,29.26,1964
21/11/2018,1966,2.2158,2.579,6.9449,449.23,107.6743,372,35.01,46.86,1966
22/11/2018,1949,2.2158,2.456,6.9391,445.01,107.7289,372,119.76,21.81,1949
23/11/2018,1952,2.2377,2.356,6.9306,435.22,107.5215,370.2,15.92,24.17,1952
26/11/2018,1955,2.2377,2.498,6.9453,421.09,106.7524,368,64.31,168.44,1955
27/11/2018,1965,2.2377,2.556,6.9463,420.52,106.1284,368,132.93,93.08,1965
28/11/2018,1972,2.2377,2.539,6.95,430.68,106.1643,373,124.21,100.92,1972
29/11/2018,1958,2.2377,2.262,6.9353,412.27,106.8213,373,39.67,183.21,1958
30/11/2018,1953,2.3379,2.642,6.9357,420.51,106.7403,377.2,33.87,136.43,1953
3/12/2018,1912,2.3379,2.515,6.9431,433.96,106.6246,381,70.9,158.49,1912
4/12/2018,1879,2.3379,2.445,6.8939,435.61,105.7927,384,35.82,109.29,1879
5/12/2018,1884,2.3379,2.267,6.8476,429.1,106.011,384.2,67.27,83.26,1884
6/12/2018,1888,2.3379,2.418,6.8599,426.46,106.4087,382.4,99.78,110.19,1888
7/12/2018,1861,2.3704,2.416,6.8664,416.42,106.0284,385.2,133.28,101.45,1861
10/12/2018,1865,2.3704,2.453,6.8693,433.15,105.8383,384,70.31,71.08,1865
11/12/2018,1871,2.3704,2.463,6.8996,423.27,105.5431,384.6,12.03,88.44,1871
12/12/2018,1870,2.3704,2.424,6.9064,428.9,105.5788,384.6,143.51,57.97,1870
13/12/2018,1874,2.3704,2.519,6.8769,425.32,105.6601,384,134.95,121.67,1874
14/12/2018,1872,2.5535,2.655,6.875,426.72,105.0958,384.4,90.54,86.56,1872
17/12/2018,1861,2.5535,2.625,6.8908,423.25,104.9726,383.6,165.68,101.75,1861
18/12/2018,1850,2.5535,2.669,6.8854,413.14,105.0433,385,119.15,103.24,1850
19/12/2018,1871,2.5535,2.654,6.8869,397.47,105.5393,382,48.37,114.17,1871
20/12/2018,1870,2.5535,2.567,6.8936,400.59,105.671,375.6,34.87,79.38,1870
21/12/2018,1863,2.71,2.486,6.8825,391.21,105.2585,378.2,193.82,144.91,1863
24/12/2018,1831,2.71,2.316,6.9006,385.97,104.3067,377.6,125.66,141.79,1831
25/12/2018,1847,2.71,2.028,6.8919,358.12,103.8531,377.6,176.65,171.11,1847
26/12/2018,1855,2.71,2.029,6.8845,358.58,103.7944,373.4,103.21,198.19,1855
27/12/2018,1851,2.71,1.793,6.8894,383.48,103.7311,374.2,122.57,161.1,1851
28/12/2018,1869,2.5986,1.47,6.8632,376.81,103.2772,374.6,24.42,156.65,1869
2/1/2019,1861,2.5986,2.3,6.8482,372.31,103.8839,375.6,48.22,146.97,1861
3/1/2019,1870,2.5986,1.968,6.8631,385.53,104.4221,380,100.42,212.58,1870
4/1/2019,1863,2.3115,1.649,6.8586,398.28,105.0368,382.4,29.94,153.15,1863
7/1/2019,1853,2.3115,1.447,6.8517,407.83,105.3197,382.6,130.86,148.61,1853
8/1/2019,1838,2.3115,1.414,6.8402,405.87,105.3161,380,87.77,259.25,1838
9/1/2019,1843,2.3115,1.567,6.8526,416.64,105.4529,382,110.57,120.42,1843
10/1/2019,1835,2.3115,1.743,6.816,422.23,105.427,376.4,79.08,148.84,1835
11/1/2019,1826,2.2426,1.708,6.7909,427.45,104.6599,378.4,70.78,170.68,1826
14/1/2019,1811,2.2426,1.878,6.756,415.41,103.9916,379,51.97,223.58,1811
15/1/2019,1810,2.2426,2.245,6.7542,416.97,103.6925,372,143.51,104.39,1810
16/1/2019,1826,2.2426,2.306,6.7615,423.63,103.6963,374,101.08,173.46,1826
17/1/2019,1820,2.2426,2.259,6.7592,425.72,103.7047,380,176.61,168.92,1820
18/1/2019,1824,2.2109,2.1785,6.7665,432.18,104.1828,380.4,125.06,154.17,1824
21/1/2019,1833,2.2109,2.24,6.7774,439.13,105.4275,379,59.99,216.29,1833
22/1/2019,1842,2.2109,2.243,6.7854,434.81,105.86,379,113.35,107.95,1842
23/1/2019,1839,2.2109,2.244,6.7969,432.7,105.8607,379,172.89,88.26,1839
24/1/2019,1836,2.2109,2.263,6.7802,426.27,105.9738,377,143.92,106.06,1836
25/1/2019,1863,2.2304,2.362,6.7941,431.22,106.1384,380,188.41,105.17,1863
28/1/2019,1854,2.2304,2.194,6.7472,422.55,106.4739,379.6,120.75,73.71,1854
29/1/2019,1857,2.2304,2.078,6.7356,418.4,106.4495,377.4,135.86,62.53,1857
30/1/2019,1865,2.2304,2.0021,6.7343,424.97,106.2478,380.6,133.52,123.71,1865
31/1/2019,1863,2.2304,2.238,6.7025,430.75,106.2982,376,46.69,126.24,1863
1/2/2019,1873,2.2304,2.1,6.7081,423.66,106.6332,378,132.22,95.81,1873
11/2/2019,1865,2.2304,2.265,6.7495,430.14,106.9381,373,130.31,59.53,1865
12/2/2019,1861,2.2304,2.017,6.7765,428.79,107.1273,378,204.6,45.91,1861
13/2/2019,1849,2.2304,1.722,6.7675,435.69,106.8567,378.6,135.06,93.01,1849
14/2/2019,1832,2.2304,1.721,6.7744,445.35,106.4216,382.4,196.75,35.99,1832
15/2/2019,1836,2.005,1.713,6.7623,448.75,105.9393,382.4,84.15,55.54,1836
18/2/2019,1816,2.005,1.8224,6.7659,459.84,105.9426,378,48.54,57.35,1816
19/2/2019,1823,2.005,1.967,6.7642,460.52,106.3392,378,99.11,79.79,1823
20/2/2019,1806,2.005,1.854,6.7558,455.88,105.7408,379.4,114.91,65.36,1806
21/2/2019,1809,2.005,2.03,6.722,457.49,105.4189,383.2,114.18,87.44,1809
22/2/2019,1811,1.9973,2.431,6.7151,456.82,105.8409,384.2,117.37,115.34,1811
25/2/2019,1784,1.9973,2.605,6.7131,449.42,105.4091,380,158.72,84.03,1784
26/2/2019,1791,1.9973,2.705,6.6952,433.72,105.1211,375.6,59.77,68.54,1791
27/2/2019,1795,1.9973,2.654,6.6857,439.04,104.4905,373.2,63.2,128.81,1795
28/2/2019,1821,1.9973,2.584,6.6901,440.53,104.3279,370.6,176.05,125.24,1821
1/3/2019,1820,1.9736,2.155,6.6957,450.27,105.3924,372.4,81.78,110.76,1820
4/3/2019,1814,1.9736,1.933,6.7049,437.3,105.7342,375,206.07,71.01,1814
5/3/2019,1824,1.9736,2.266,6.6998,435.46,105.6261,376,60.69,138.38,1824
6/3/2019,1819,1.9736,2.074,6.7053,439.25,106.0139,372.2,126.81,78.64,1819
7/3/2019,1831,1.9736,2.06,6.711,440.85,106.0355,365,48.11,138.86,1831
8/3/2019,1828,1.8859,2.047,6.7235,438.38,105.9852,364.2,25.04,81.81,1828
11/3/2019,1835,1.8859,2.092,6.7202,441.2,106.3334,362,26.66,161.35,1835
12/3/2019,1844,1.8859,2.365,6.7128,447.13,105.9788,366,162.68,93.23,1844
13/3/2019,1829,1.8859,2.079,6.7114,448.49,105.6369,366.2,34.69,81.38,1829
14/3/2019,1838,1.8859,2.31,6.7009,454.33,105.5469,370,157.2,56.33,1838
15/3/2019,1847,2.0629,2.655,6.7167,454.77,105.2664,373,67.35,66.48,1847
18/3/2019,1856,2.0629,2.756,6.7088,452.09,105.621,371.6,45.49,77.23,1856
19/3/2019,1850,2.0629,2.666,6.7062,459.26,105.58,371,46.29,82.83,1850
20/3/2019,1831,2.0629,2.714,6.7101,458.77,105.2822,371,61.73,75.89,1831
21/3/2019,1824,2.0629,2.661,6.685,464.64,105.2684,375.6,89.63,91.17,1824
22/3/2019,1816,2.0475,2.62,6.6944,461.21,105.1218,378,113.93,83.99,1816
25/3/2019,1816,2.0475,2.535,6.7098,450.3,104.915,379,97.22,69.27,1816
26/3/2019,1822,2.0475,2.495,6.7042,454.59,104.9222,376.4,174.2,78.28,1822
27/3/2019,1842,2.0475,2.286,6.7141,458.18,105.0563,373.4,99.86,92.66,1842
28/3/2019,1833,2.0475,2.041,6.7263,453.2,104.2516,373.6,38.8,53.74,1833
29/3/2019,1844,2.0589,2.486,6.7335,457.66,103.5628,357,112.27,91.25,1844
1/4/2019,1843,2.0589,2.315,6.7193,460.85,103.6828,361.6,162.03,117.34,1843
2/4/2019,1852,2.0589,1.956,6.7161,469.42,104.2381,361.6,146.81,130.56,1852
3/4/2019,1858,2.0589,1.663,6.7194,471.81,104.8384,363,119.76,81.95,1858
4/4/2019,1886,2.0589,1.417,6.7055,468.61,104.9811,365,223.68,82.78,1886
8/4/2019,1879,2.0589,1.428,6.7201,476.19,105.4754,360,88.44,58.07,1879
9/4/2019,1867,2.0589,1.797,6.7142,477.81,105.0972,360.2,23.75,60.19,1867
10/4/2019,1876,2.0589,2.278,6.711,475.67,105.5435,370.2,45.53,71.78,1876
11/4/2019,1881,2.0589,2.735,6.7088,479.89,105.6169,368.6,134.17,54.57,1881
12/4/2019,1897,2.1052,2.652,6.722,475.11,105.3547,369,151.31,75.79,1897
15/4/2019,1909,2.1052,2.797,6.7112,472.14,106.2281,371.2,160.1,76.25,1909
16/4/2019,1912,2.1052,2.883,6.7097,467.67,106.0519,367.6,235.9,58.1,1912
17/4/2019,1904,2.1052,2.998,6.711,474.69,105.8691,366.6,86.8,63.24,1904
18/4/2019,1895,2.1052,2.812,6.6911,472.77,105.3177,367.2,35.54,56.96,1895
19/4/2019,1908,2.1467,2.661,6.7043,475.83,105.4161,367.2,135.34,48.34,1908
22/4/2019,1920,2.1467,2.557,6.7035,489.64,105.5622,363.4,122.58,78.68,1920
23/4/2019,1919,2.1467,2.828,6.7082,497.63,105.468,359.6,112.89,56.96,1919
24/4/2019,1914,2.1467,2.752,6.7205,496.16,104.7882,355,131.86,60.14,1914
25/4/2019,1914,2.1467,2.785,6.7307,505.02,104.4799,357,144.61,76.31,1914
26/4/2019,1902,2.1743,2.496,6.7307,497.27,103.5635,361,88.85,67.89,1902
29/4/2019,1917,2.1743,1.7,6.731,482.11,103.3226,361,39.16,97.53,1917
30/4/2019,1916,2.1743,2.086,6.7286,488.2,103.0275,362.4,86.48,75.34,1916
6/5/2019,1923,2.1743,1.642,6.7344,471.55,102.8576,364.6,88.08,93.78,1923
7/5/2019,1928,2.1743,1.391,6.7614,484.5,103.3666,367,81.45,111.09,1928
8/5/2019,1920,2.1743,1.141,6.7596,481.42,103.6313,363.2,195.41,101.81,1920
9/5/2019,1929,2.1743,1.513,6.7665,480.79,104.1044,353.4,247.76,67.46,1929
10/5/2019,1925,2.2284,1.826,6.7912,486.57,104.2372,351,41.42,108.12,1925
13/5/2019,1949,2.2284,2.156,6.7954,495.88,104.0051,357.4,108.82,94.65,1949
14/5/2019,1947,2.2284,2.4123,6.8365,494.85,103.3284,368.6,92.5,126.65,1947
15/5/2019,1960,2.2284,2.5334,6.8649,499.25,103.5461,368.6,27.27,132.3,1960
16/5/2019,1978,2.2284,2.281,6.8688,505.51,104.7524,380,52.47,94.72,1978
17/5/2019,1996,2.2288,2.134,6.8859,510.21,105.0138,382.4,40.21,117.89,1996
20/5/2019,2008,2.2288,2.5845,6.8988,518.32,104.8307,390.4,133.93,95.08,2008
21/5/2019,1995,2.2288,2.75,6.899,508.25,105.3558,394,40.33,73.8,1995
22/5/2019,1986,2.2288,2.623,6.8992,503.08,104.6108,394,13.54,69.8,1986
23/5/2019,1982,2.2288,2.584,6.8994,492.14,103.991,390,113.27,71.04,1982
24/5/2019,1985,2.2442,2.342,6.8993,471.5,103.6647,403.4,77.37,144.24,1985
27/5/2019,2007,2.2442,2.666,6.8924,469.3,104.5446,425,249.28,102.04,2007
28/5/2019,1994,2.2442,2.76,6.8973,474.8,104.8988,425,7.89,69.48,1994
29/5/2019,2004,2.2442,2.491,6.8988,472.98,106.5102,416.4,112.28,55.62,2004
30/5/2019,1986,2.2442,2.067,6.899,474.7,106.3961,436,61.71,50.84,1986
31/5/2019,1971,2.3162,2.194,6.8992,448.3,106.0198,427,67.35,94.35,1971
3/6/2019,1963,2.3162,2.003,6.8896,430.14,105.1802,428,99.88,72.86,1963
4/6/2019,1974,2.3162,1.738,6.8822,423.14,106.1027,424.4,90.31,120.06,1974
5/6/2019,1964,2.3162,1.593,6.8903,425.73,106.1645,413.4,132.75,217.51,1964
6/6/2019,1955,2.3162,1.521,6.8945,416.92,105.0003,419,92.29,137.43,1955
10/6/2019,1966,2.3162,1.848,6.8925,435.08,104.598,415,127.96,162.1,1966
11/6/2019,1963,2.3162,2.053,6.893,431.93,104.8743,427,86.08,130.24,1963
12/6/2019,1957,2.3162,1.939,6.8932,423.94,104.7768,447.6,50.2,116.03,1957
13/6/2019,1963,2.3162,1.924,6.8934,428.11,105.7694,455.4,117.21,143.87,1963
14/6/2019,1947,2.3362,1.723,6.8937,426.4,105.9882,461.4,140.88,145.07,1947
17/6/2019,1953,2.3362,1.801,6.894,426.14,106.2046,468.4,96.42,82.16,1953
18/6/2019,1949,2.3362,1.601,6.8942,413.15,106.1045,461.6,194.95,146.35,1949
19/6/2019,1943,2.3362,1.447,6.8893,424.48,105.4602,452,112.58,77.89,1943
20/6/2019,1937,2.3362,1.253,6.8805,432.45,105.2647,461,31.81,116.67,1937
21/6/2019,1953,2.1715,1.112,6.8472,438.94,105.2878,453.4,69.61,178.92,1953
24/6/2019,1952,2.1715,1,6.8503,447.11,104.9764,458,75.7,92.75,1952
25/6/2019,1949,2.1715,1.023,6.858,439.53,105.1063,457,191.19,74.19,1949
26/6/2019,1940,2.1715,0.991,6.8701,449.36,104.8205,454.4,96.77,142.51,1940
27/6/2019,1940,2.1715,0.9615,6.8778,447.01,104.9147,450,110.46,64.08,1940
28/6/2019,1948,2.0686,1.3705,6.8747,443.61,104.9356,439,131.79,129.48,1948
1/7/2019,1936,2.0686,1.065,6.8716,451.41,104.9526,422.6,30.81,174.62,1936
2/7/2019,1934,2.0686,0.914,6.8513,445.14,104.5198,427.2,88.04,144.12,1934
3/7/2019,1939,2.0686,0.877,6.864,429.42,103.8744,441.4,151.39,126.27,1939
4/7/2019,1934,2.0686,0.844,6.8705,430.93,104.2469,441.4,139.38,96.84,1934
5/7/2019,1934,1.9598,1.055,6.8697,433.45,104.5233,442.2,254.47,72.83,1934
8/7/2019,1933,1.9598,1.445,6.8881,442.8,104.3964,442.6,232.68,72.06,1933
9/7/2019,1921,1.9598,1.773,6.8853,441.78,103.2627,436.2,138.51,40.14,1921
10/7/2019,1911,1.9598,1.814,6.8856,444.01,102.9901,437,110.99,45.62,1911
11/7/2019,1914,1.9598,1.998,6.8677,461.86,103.4074,447.2,111.92,103.84,1914
12/7/2019,1918,2.004,2.235,6.8662,458.92,103.2522,459.2,291.23,72.49,1918
15/7/2019,1928,2.004,2.6175,6.8677,455.15,104.1116,447.4,161.58,72.19,1928
16/7/2019,1927,2.004,2.725,6.871,453.4,103.8676,442.2,156.55,53.41,1927
17/7/2019,1925,2.004,2.711,6.8827,439.47,103.6547,440,139.82,77.06,1925
18/7/2019,1934,2.004,2.772,6.8761,434.91,103.8485,431.4,38.89,61.63,1934
19/7/2019,1920,2.132,2.827,6.8635,430.4,103.5267,437,35.31,61.84,1920
22/7/2019,1915,2.132,2.6698,6.8759,433.22,103.4189,427.4,39.07,75.32,1915
23/7/2019,1918,2.132,2.562,6.8818,435.81,103.7228,431.4,84.49,114.24,1918
24/7/2019,1927,2.132,2.481,6.886,439.18,103.911,430.6,90.45,79.72,1927
25/7/2019,1927,2.132,2.628,6.8737,439.79,104.4551,427,133.51,40.68,1927
26/7/2019,1924,2.1824,2.636,6.8796,443.54,104.2584,424.2,113.15,116.11,1924
29/7/2019,1930,2.1824,2.629,6.8821,439.31,104.6115,426,158.58,86.97,1930
30/7/2019,1924,2.1824,2.621,6.8862,443.52,104.6952,421,91.15,139.24,1924
31/7/2019,1930,2.1824,2.642,6.8841,447.36,104.5989,410.2,119.5,103.01,1930
1/8/2019,1933,2.1824,2.634,6.8938,444.33,104.3513,404.4,102.36,150.2,1933
2/8/2019,1926,2.2735,2.634,6.8996,429.84,104.2663,410,153.48,117.41,1926
5/8/2019,1922,2.2735,2.544,6.9225,433.91,105.057,416,198.6,83.03,1922
6/8/2019,1974,2.2735,2.261,6.9683,430.9,105.5492,412.4,156.55,84.05,1974
7/8/2019,1965,2.2735,2.22,6.9996,419.6,105.4879,414.6,88.31,92.22,1965
8/8/2019,1929,2.2735,2.5,7.0039,413.73,105.6902,418.2,66.01,93.48,1929
9/8/2019,1927,2.2939,2.596,7.0136,411.97,106.7671,417.6,124.69,92.35,1927
12/8/2019,1921,2.2939,2.629,7.0211,417.73,107.4773,392.6,167.42,109.59,1921
13/8/2019,1914,2.2939,2.667,7.0326,417.45,107.9942,376.6,184.66,70.1,1914
14/8/2019,1914,2.2939,2.689,7.0312,430.03,107.4089,371,189.72,133.71,1914
15/8/2019,1912,2.2939,2.659,7.0268,420.82,107.1915,371.6,220.65,144.25,1912
16/8/2019,1906,2.2939,2.665,7.0312,420.23,107.1929,383,278.94,105.71,1906
19/8/2019,1883,2.2939,2.666,7.0365,426.64,106.8849,375,208.67,144.84,1883
20/8/2019,1886,2.2939,2.642,7.0454,427,106.8843,370,64.66,229.29,1886
21/8/2019,1905,2.2939,2.5832,7.0433,426.71,107.0899,370.2,72.49,278.29,1905
22/8/2019,1908,2.2939,2.544,7.049,425.71,107.8457,371.2,140.26,186.06,1908
23/8/2019,1920,2.3573,2.586,7.0572,427,108.2969,367.2,104.79,268.83,1920
26/8/2019,1917,2.3573,2.639,7.057,421.82,108.8798,368.6,123.95,267.98,1917
27/8/2019,1900,2.3573,2.677,7.081,421.62,108.1379,366.2,39.21,173.5,1900
28/8/2019,1897,2.3573,2.609,7.0835,426.99,107.7564,371.4,95.5,132.75,1897
29/8/2019,1885,2.3573,2.478,7.0858,430.14,108.0626,370.4,12.87,100.25,1885
30/8/2019,1871,2.3919,2.572,7.0879,437.29,107.4467,370,41.48,116.43,1871
2/9/2019,1872,2.3919,2.55,7.0883,429.31,107.9623,361,87.91,229.98,1872
3/9/2019,1876,2.3919,2.513,7.0884,427.71,107.9086,361,106.49,95.61,1876
4/9/2019,1881,2.3919,2.445,7.0878,427.06,108.2967,358.4,62.37,92.02,1881
5/9/2019,1875,2.3919,2.536,7.0852,436.43,108.0099,360,54.21,106.57,1875
6/9/2019,1885,2.3415,2.597,7.0855,440.12,107.146,355.4,95.5,130.51,1885
9/9/2019,1885,2.3415,2.607,7.0851,446.38,106.973,353.4,40.61,65.84,1885
10/9/2019,1880,2.3415,2.553,7.0846,448.09,106.851,361.2,16.62,64.63,1880
11/9/2019,1874,2.3415,2.451,7.0843,449.15,106.8445,360,59.56,58.52,1874
12/9/2019,1872,2.3415,2.369,7.0846,436.92,106.3459,367,57.31,100.33,1872
16/9/2019,1869,2.3415,2.336,7.0657,470.27,106.987,374.2,107.49,67.24,1869
17/9/2019,1867,2.3415,2.565,7.073,489.88,107.5123,368,119.76,79.18,1867
18/9/2019,1873,2.3415,2.633,7.0728,469.67,107.1418,371.6,79.55,72.64,1873
19/9/2019,1864,2.3415,2.737,7.0732,458.2,106.8861,373,78.22,184.82,1864
20/9/2019,1851,2.2166,2.746,7.073,460.64,106.323,370.4,77.7,98.34,1851
23/9/2019,1855,2.2166,2.759,7.0734,462.68,106.3966,373,65.58,134.52,1855
24/9/2019,1854,2.2166,2.369,7.0729,458.57,105.8254,375.4,70.81,120.81,1854
25/9/2019,1850,2.2166,2.046,7.0724,450.16,105.6983,374,75.16,144.83,1850
26/9/2019,1840,2.2166,1.637,7.0729,447.96,105.5828,372.2,98.78,60.07,1840
27/9/2019,1830,2.1357,1.313,7.0731,446.03,104.7199,371.4,101.64,101.26,1830
30/9/2019,1823,2.1357,2.635,7.0729,444.57,104.4461,387,24.76,113,1823
8/10/2019,1824,2.1357,2.627,7.0726,437.54,105.4566,395.4,75.35,165.35,1824
9/10/2019,1830,2.1357,2.202,7.0728,445.75,106.3541,393.4,93.11,62.58,1830
10/10/2019,1838,2.1357,2.016,7.073,445.7,106.7081,380.2,118.7,119.93,1838
11/10/2019,1847,2.1934,1.911,7.0727,462.23,107.0757,397.2,106.49,95.08,1847
14/10/2019,1837,2.1934,2.555,7.0725,468.44,106.8357,397,97.5,108.55,1837
15/10/2019,1841,2.1934,2.703,7.0708,457.67,106.5871,393.2,82.07,68.05,1841
16/10/2019,1846,2.1934,2.694,7.0746,455.15,107.0175,391.6,12.9,114.65,1846
17/10/2019,1848,2.1934,2.585,7.0789,443.26,107.0269,394.6,76.28,156.8,1848
18/10/2019,1859,2.2406,2.618,7.069,446.54,107.4902,390.2,230.87,64.05,1859
21/10/2019,1847,2.2406,2.682,7.068,444.45,108.2579,387,112.86,57.74,1847
22/10/2019,1855,2.2406,2.799,7.0668,440.15,108.3553,388.2,144.4,42.25,1855
23/10/2019,1836,2.2406,2.654,7.0752,441.86,108.5045,388.2,166.19,80.02,1836
24/10/2019,1828,2.2406,2.446,7.0727,446.82,108.2841,387,114.12,56.27,1828
25/10/2019,1828,2.3765,2.506,7.0749,449.81,109.1693,387,61.62,67.88,1828
28/10/2019,1846,2.3765,2.478,7.0762,454.13,108.7917,384,59.97,28.94,1846
29/10/2019,1864,2.3765,2.368,7.0617,452.71,108.9873,386,151.26,134.13,1864
30/10/2019,1868,2.3765,2.303,7.0582,450.39,109.6139,390.2,56.3,111.12,1868
31/10/2019,1873,2.3765,2.59,7.0533,447.69,109.9736,389.2,68.11,133.29,1873
1/11/2019,1887,2.4685,2.301,7.0437,441.63,109.6502,388.2,66.37,35.14,1887
4/11/2019,1876,2.4685,2.075,7.0382,447.94,109.9869,383.2,60.42,75.66,1876
5/11/2019,1874,2.4685,1.88,7.0385,456.22,110.8523,381.6,92.04,129.4,1874
6/11/2019,1854,2.4685,1.788,7.008,455.64,110.0286,379.6,84.47,48.77,1854
7/11/2019,1845,2.4685,1.915,7.0008,452.09,109.6974,375,173.51,67.84,1845
8/11/2019,1865,2.4546,1.902,6.9945,450.45,109.5309,376.4,30.91,127.43,1865
11/11/2019,1855,2.4546,2.033,6.9933,450.67,109.6574,373.2,103.55,101.72,1855
12/11/2019,1838,2.4546,2.376,6.9988,455.88,109.4263,377.2,150.83,89.57,1838
13/11/2019,1841,2.4546,2.598,7.0026,449.64,109.4835,375,64.52,106.88,1841
14/11/2019,1840,2.4546,2.666,7.0083,455.14,108.9597,384,12.35,53.75,1840
15/11/2019,1841,2.4554,2.693,7.0091,449.57,108.5854,380,98.08,56.77,1841
18/11/2019,1859,2.4554,2.707,7.0037,454.99,108.7094,377.6,52.25,19.85,1859
19/11/2019,1854,2.4554,2.343,7.003,452.38,108.7096,380,102.31,33.14,1854
20/11/2019,1846,2.4554,1.899,7.0118,443.28,109.4829,377.2,247.91,46.27,1846
21/11/2019,1852,2.4554,1.849,7.0217,450.77,109.308,378.4,77.77,65.17,1852
22/11/2019,1847,2.3728,1.948,7.0306,456.96,108.9047,378,65.89,83.86,1847
25/11/2019,1841,2.3728,2.234,7.0397,461.47,109.1903,379.6,142.25,41.17,1841
26/11/2019,1839,2.3728,2.323,7.0344,458.33,108.5761,378,164.06,37.49,1839
27/11/2019,1836,2.3728,2.233,7.0349,461.23,108.2133,375.4,138.54,37.18,1836
28/11/2019,1824,2.3728,2.078,7.0271,459.84,108.0802,375.4,87.1,97.06,1824
29/11/2019,1830,2.3573,2.356,7.0298,461.37,108.4365,381,213.8,122.19,1830
2/12/2019,1823,2.3573,2.233,7.0262,449.77,108.1101,381.4,178.15,86.08,1823
3/12/2019,1898,2.3573,2.132,7.0223,447.74,107.8543,381,64.33,69.28,1898
4/12/2019,1896,2.3573,1.971,7.0382,447.09,108.0689,378,0,64.18,1896
5/12/2019,1894,2.3573,1.906,7.0521,454.13,108.1286,376,193.58,36.86,1894
6/12/2019,1904,2.3667,2.073,7.0383,456.44,108.7911,376.2,351.14,134.85,1904
9/12/2019,1895,2.3667,2.345,7.0405,465.33,109.5217,375.6,204.85,130.15,1895
10/12/2019,1905,2.3667,2.198,7.04,466.33,109.5869,377,131.83,189.13,1905
11/12/2019,1903,2.3667,2.081,7.0385,464.36,109.502,371.4,156.38,111.83,1903
12/12/2019,1904,2.3667,2.053,7.0253,464.15,109.3778,377.6,125.44,99.79,1904
13/12/2019,1893,2.3203,2.133,7.0156,464.35,109.6954,380.2,71.39,164.4,1893
16/12/2019,1894,2.3203,2.437,6.9915,471.42,109.4291,387.2,135.02,79.66,1894
17/12/2019,1886,2.3203,2.506,6.9971,471.41,109.9532,389.2,163.63,140.79,1886
18/12/2019,1891,2.3203,2.485,6.9969,472.88,110.1898,386.6,123.97,89.87,1891
19/12/2019,1882,2.3203,2.0575,7.0025,476.74,110.0292,386.2,88.97,70.52,1882
20/12/2019,1885,2.3077,1.814,7.002,478.54,110.3837,387.6,206.07,141.48,1885
23/12/2019,1895,2.3077,1.557,7.0117,475.42,110.4,388.6,101.55,110.91,1895
24/12/2019,1902,2.3077,1.114,7.0119,478.97,110.4201,388.2,66.06,97.08,1902
25/12/2019,1907,2.3077,0.943,7.0067,482.85,110.2939,388.2,41.19,43.46,1907
26/12/2019,1915,2.3077,0.848,6.9801,483.21,110.463,388.4,115.51,106.92,1915
27/12/2019,1913,1.9849,1.075,6.9879,487.9,111.6185,390,97.31,127.92,1913
30/12/2019,1915,1.9849,1.2,6.9805,487.25,112.6321,388,124.11,101.31,1915
31/12/2019,1910,1.9849,1.694,6.9762,482.09,113.2885,387.4,146.07,105.75,1910
2/1/2020,1918,1.9849,1.4436,6.9614,480.79,113.1749,391.2,167.76,139.13,1918
3/1/2020,1918,1.8911,1.162,6.9681,497.98,113.6302,386,24.11,108.1,1918
6/1/2020,1913,1.8911,1.003,6.9718,513.31,113.2309,385,143.3,147.96,1913
7/1/2020,1926,1.8911,1.215,6.969,499.81,113.4092,384.4,100.02,103.98,1926
8/1/2020,1918,1.8911,1.553,6.945,505.53,113.6819,384,142.47,91.15,1918
9/1/2020,1921,1.8911,1.69,6.9497,479.02,113.8574,383,116.13,71.92,1921
10/1/2020,1911,1.8593,1.7722,6.9351,476.95,114.0268,385.6,72.68,74.58,1911
13/1/2020,1918,1.8593,2.059,6.9263,474.99,113.9747,389.2,69.67,124.82,1918
14/1/2020,1919,1.8593,2.518,6.8954,463.26,113.2446,389,64.06,109.27,1919
15/1/2020,1924,1.8593,2.654,6.8845,461.17,112.8815,387,68.86,98.77,1924
16/1/2020,1946,1.8593,2.609,6.8807,461.41,112.3853,376,87.21,88.05,1946
17/1/2020,1947,1.9609,2.522,6.8878,462.28,112.1828,389,75.26,77.76,1947
20/1/2020,1944,1.9609,2.248,6.8664,464.25,112.018,387.4,169.51,96.05,1944
21/1/2020,1928,1.9609,1.885,6.8606,459.84,111.3504,387.4,229.83,87.56,1928
22/1/2020,1924,1.9609,1.534,6.8853,458.96,110.3575,388,149.17,77.19,1924
23/1/2020,1912,1.9609,2.444,6.8876,446.84,110.4249,393.4,64.96,70.67,1912
3/2/2020,1926,1.9609,2.504,6.9249,414.1,105.2489,378.2,195.14,124.15,1926
4/2/2020,1944,1.9609,2.273,6.9779,399.92,106.2703,382,200.2,111.96,1944
5/2/2020,1921,1.9609,2.051,6.9823,398.43,107.1985,380.4,218.39,84.94,1921
6/2/2020,1934,1.9609,1.819,6.9985,408.45,108.3286,379.6,106.49,81.75,1934
7/2/2020,1938,1.5731,1.793,6.9768,403.83,108.657,383,196.03,130.27,1938
10/2/2020,1926,1.5731,1.652,6.9863,399.39,109.027,381,211.67,111.39,1926
11/2/2020,1923,1.5731,1.56,6.9897,397.2,108.7154,380,153.36,152.71,1923
12/2/2020,1923,1.5731,1.521,6.9718,402.6,107.9259,382,284.8,79.26,1923
13/2/2020,1926,1.5731,1.443,6.9785,405.5,108.0158,384.4,136.4,82.23,1926
14/2/2020,1919,1.5155,1.256,6.9843,408.24,107.3114,382,198.96,71.98,1919
17/2/2020,1927,1.5155,1.425,6.9795,411.24,108.2327,386.4,159.26,82.54,1927
18/2/2020,1907,1.5155,1.503,6.9826,407.75,107.7906,386.4,201.1,77.38,1907
19/2/2020,1910,1.5155,1.626,7.0012,414.79,107.5246,384.4,117.98,56.47,1910
20/2/2020,1905,1.5155,1.403,7.0026,420.75,107.2695,382,39.35,103.7,1905
21/2/2020,1912,1.6562,1.355,7.021,416.56,107.6278,380.2,172.16,106.59,1912
24/2/2020,1913,1.6562,1.533,7.0246,402.76,106.8048,376.2,214.02,88.73,1913
25/2/2020,1915,1.6562,1.602,7.0232,402.4,105.9529,376,103.19,147.84,1915
26/2/2020,1913,1.6562,1.499,7.0126,386.4,105.8572,374,158.41,97.49,1913
27/2/2020,1927,1.6562,1.347,7.0215,373.4,105.86,368,141.26,106.55,1927
28/2/2020,1922,1.61,1.628,7.0066,358.69,104.4492,368,54.06,172.45,1922
2/3/2020,1943,1.61,1.714,6.9811,366.84,104.843,375.4,72.11,153.53,1943
3/3/2020,1941,1.61,1.622,6.9516,376.24,105.4548,380.2,80.9,132.55,1941
4/3/2020,1938,1.61,1.462,6.9514,374.71,105.2961,384.6,138.82,197.2,1938
5/3/2020,1943,1.61,1.45,6.9403,373.76,106.2485,381.2,153.03,118.02,1943
6/3/2020,1935,1.6234,1.362,6.9337,358.4,105.5707,376,156.38,132.5,1935
9/3/2020,1933,1.6234,1.588,6.926,338.94,102.6398,372.6,145.5,276.24,1933
10/3/2020,1947,1.6234,2.014,6.9389,308.83,103.4044,377.2,96.93,296.12,1947
11/3/2020,2020,1.6234,2.118,6.9612,279.85,103.5251,374,39.07,234.73,2020
12/3/2020,2008,1.6234,1.664,6.9641,267.14,101.6733,365.2,43.04,187.08,2008
13/3/2020,2010,1.589,1.414,7.0033,273.46,100.3708,365.4,111.13,330.85,2010
16/3/2020,1999,1.589,1.231,7.0018,254.77,101.1915,355.6,198.94,323.71,1999
17/3/2020,1995,1.589,1.083,7.0094,253.11,100.7255,344,103.94,378.92,1995
18/3/2020,1987,1.589,0.963,7.0328,242.98,101.4186,335.2,66.37,455.45,1987
19/3/2020,1985,1.589,0.846,7.0522,237.8,100.4114,345,138.84,514.67,1985
20/3/2020,2001,1.4504,0.795,7.1052,254.07,101.5577,342.6,86.98,633.51,2001
23/3/2020,2017,1.4504,0.845,7.094,251.16,102.2762,343,242.92,572.94,2017
24/3/2020,2013,1.4504,0.814,7.0999,263.31,102.6353,347,198.52,596.78,2013
25/3/2020,2026,1.4504,0.847,7.0742,268.52,103.9648,349,126.1,449.86,2026
26/3/2020,2018,1.4504,0.845,7.0692,263.93,103.6167,348.6,92.85,670.3,2018
27/3/2020,2034,1.2231,1.104,7.0427,260.62,103.8337,345.2,192,557.18,2034
30/3/2020,2046,1.2231,1.374,7.0447,258.28,104.8902,341.2,98.96,361.46,2046
31/3/2020,2048,1.2231,1.614,7.0851,272.02,104.4017,341.4,52.84,516.55,2048
1/4/2020,2037,1.2231,1.403,7.0771,269.01,102.9246,335,171.65,474.81,2037
2/4/2020,2031,1.2231,1.278,7.0995,296.79,101.8032,333.6,155.3,738.02,2031
3/4/2020,2033,1.1504,1.001,7.1104,291.27,101.6689,331,109.87,540.5,2033
7/4/2020,2030,1.1504,0.806,7.0939,304.98,102.5845,331.4,111.97,468.08,2030
8/4/2020,2045,1.1504,0.893,7.0483,300.87,103.4142,335,156.18,524.13,2045
9/4/2020,2043,1.1504,1.182,7.0536,308.54,104.1293,336.6,131.69,417.54,2043
10/4/2020,2043,0.9549,1.349,7.0354,298.69,103.8123,336.6,82.22,461.87,2043
13/4/2020,2044,0.9549,1.378,7.03,295.03,103.5893,336,94.69,638.81,2044
14/4/2020,2051,0.9549,0.994,7.0406,291.53,102.4893,332.4,306.06,441.32,2051
15/4/2020,2070,0.9549,0.801,7.0402,287.7,103.0127,326.6,124.87,455.68,2070
16/4/2020,2065,0.9549,0.702,7.0714,276.82,102.7912,326.2,124.15,505.52,2065
17/4/2020,2065,0.8719,0.716,7.0718,271.95,102.3341,329,132.04,573.7,2065
20/4/2020,2060,0.8719,0.896,7.0657,262.18,102.2122,322,139.17,618.66,2060
21/4/2020,2063,0.8719,0.901,7.0752,250.43,100.6154,316,88.65,599.13,2063
22/4/2020,2069,0.8719,0.901,7.0903,231.42,100.3874,323.4,191.16,511.42,2069
23/4/2020,2078,0.8719,0.893,7.0887,254.34,101.684,326,45.09,505.54,2078
24/4/2020,2079,0.7688,0.912,7.0803,258.82,101.3839,323,111.94,562.5,2079
27/4/2020,2098,0.7688,0.874,7.0703,246.82,100.6535,313.2,107.42,642.66,2098
28/4/2020,2096,0.7688,0.874,7.071,251.1,100.0201,312,115.98,479.89,2096
29/4/2020,2094,0.7688,0.661,7.0704,263.63,100.1569,314.4,149.19,439.11,2094
30/4/2020,2074,0.7688,1.888,7.0571,266.6,100.6046,319.6,107.23,440.07,2074
6/5/2020,2086,0.7688,1.483,7.069,279.4,100.1668,314,173.97,498.71,2086
7/5/2020,2071,0.7688,1.143,7.0931,277.19,100.5437,318,110.52,504.24,2071
8/5/2020,2061,0.8674,0.938,7.0788,277.77,101.1383,319.6,150.61,488.53,2061
11/5/2020,2045,0.8674,0.876,7.0769,277.06,101.1997,318,206.39,527.36,2045
12/5/2020,2045,0.8674,0.803,7.0919,271.55,100.3775,322.2,146.32,442.15,2045
13/5/2020,2048,0.8674,0.705,7.0875,269.99,100.2925,318,76.9,553.21,2048
14/5/2020,2043,0.8674,0.743,7.0948,265.65,99.6648,317.6,82.84,508.02,2043
15/5/2020,2027,0.9428,0.864,7.0936,277.06,99.9261,319,143.96,374.22,2027
18/5/2020,2049,0.9428,0.905,7.103,283.73,100.4922,320.6,203.1,511.62,2049
19/5/2020,2043,0.9428,1.385,7.0912,283.45,100.9142,321.2,102.29,363.66,2043
20/5/2020,2032,0.9428,1.22,7.0956,285.06,101.1338,319.6,79.38,420.68,2032
21/5/2020,2019,0.9428,1.104,7.0868,293.66,101.4483,317.6,55.37,361.11,2019
22/5/2020,2022,1.0653,1.094,7.0939,283.51,101.0745,317.2,50.39,418.96,2022
25/5/2020,2039,1.0653,1.473,7.1209,288.52,101.209,319.4,11.82,462.96,2039
26/5/2020,2041,1.0653,1.88,7.1293,293.12,101.6114,319.4,113.01,389.21,2041
27/5/2020,2053,1.0653,2.104,7.1092,292.48,102.2229,320.4,113.14,355.1,2053
28/5/2020,2062,1.0653,2.102,7.1277,291.73,102.7747,327.2,104.37,421.99,2062
29/5/2020,2078,1.3858,2.097,7.1316,293.85,102.8216,325,127.25,426.28,2078
1/6/2020,2069,1.3858,1.629,7.1315,296.55,103.1436,323.4,100.16,226.8,2069
2/6/2020,2067,1.3858,1.468,7.1167,300.72,103.2694,324.2,10.5,257.49,2067
3/6/2020,2065,1.3858,1.885,7.1074,310.38,103.7819,324.2,96.02,287.17,2065
4/6/2020,2062,1.3858,1.963,7.1012,302.78,104.0774,328.6,56.54,231.24,2062
5/6/2020,2073,1.7836,1.582,7.0965,306.98,104.5706,332,138.09,235.07,2073
8/6/2020,2062,1.7836,1.89,7.0882,317.02,104.6288,333.2,156.76,318.64,2062
9/6/2020,2077,1.7836,1.833,7.0711,312,105.0644,327.2,88.14,191.32,2077
10/6/2020,2085,1.7836,1.849,7.0703,309.19,105.3899,326.6,96.65,237.88,2085
11/6/2020,2096,1.7836,1.757,7.0608,304.57,105.12,335,51.49,317.86,2096
12/6/2020,2094,1.8293,1.529,7.0865,290.69,104.6259,334.4,89.94,293.12,2094
15/6/2020,2118,1.8293,1.477,7.0902,287.87,104.9373,333.6,229.54,300.34,2118
16/6/2020,2117,1.8293,1.751,7.0755,302.57,104.9732,333,325.93,319.69,2117
17/6/2020,2127,1.8293,2.048,7.0873,306.08,105.226,334.4,157.6,348.4,2127
18/6/2020,2129,1.8293,2.123,7.0903,306.9,105.5334,334,240.14,322.96,2129
19/6/2020,2121,1.8139,2.131,7.0913,310.55,105.9533,337.2,121.57,450.64,2121
22/6/2020,2097,1.8139,2.133,7.0865,309.5,106.2581,332.6,69.67,259.55,2097
23/6/2020,2088,1.8139,1.971,7.0671,311.09,105.9536,328.4,94.82,309.15,2088
24/6/2020,2086,1.8139,1.54,7.0555,312.02,105.6139,326.4,63.6,224.4,2086
29/6/2020,2118,1.8139,1.012,7.0808,298.62,104.5584,327.6,141.83,301.58,2118
30/6/2020,2090,1.8139,1.785,7.0795,305.02,104.7837,340.4,142.35,292.37,2090
1/7/2020,2096,1.8139,1.967,7.071,308.3,105.2458,349.4,88.14,329.62,2096
2/7/2020,2100,1.8139,1.745,7.0566,312.32,106.0866,342.6,146.44,249.7,2100
3/7/2020,2106,1.6541,1.364,7.0638,312.65,106.6925,342.6,54.64,412.01,2106
6/7/2020,2116,1.6541,1.346,7.0663,314.38,107.2405,346.4,25.39,389.2,2116
7/7/2020,2114,1.6541,1.706,7.031,312.29,107.2689,343,123.6,278.61,2114
8/7/2020,2113,1.6541,2.088,7.0207,314.53,107.1785,345.6,119.92,319.33,2113
9/7/2020,2145,1.6541,2.189,7.0085,315.62,107.8062,349.2,115.83,267.49,2145
10/7/2020,2144,1.9127,2.197,6.9943,309.41,107.7657,336.4,63.24,259.27,2144
13/7/2020,2144,1.9127,2.128,6.9965,313.56,107.513,328.6,135.23,212.54,2144
14/7/2020,2135,1.9127,1.67,6.9996,310.72,107.5258,326,52.97,308.28,2135
15/7/2020,2146,1.9127,2.022,6.9982,313.37,108.3268,326,25.92,352.74,2146
16/7/2020,2156,1.9127,2.2465,6.9913,307.94,108.7482,330.2,64.06,313.71,2156
17/7/2020,2162,1.9568,2.328,7.0043,307.74,109.4602,340,131.69,555.06,2162
20/7/2020,2190,1.9568,1.9565,6.9928,301.28,110.7073,335.6,99.06,430.14,2190
21/7/2020,2181,1.9568,1.584,6.9862,307.13,111.0499,330.6,213.65,423.52,2181
22/7/2020,2189,1.9568,1.336,6.9718,309.28,111.6547,334.4,180.74,297.02,2189
23/7/2020,2240,1.9568,1.858,6.9921,309.2,111.6058,335.4,95.23,282.1,2240
24/7/2020,2264,1.9034,1.843,6.9938,304.13,112.2091,335.4,109.21,290.25,2264
27/7/2020,2340,1.9034,1.994,7.0029,303.36,112.4722,334.4,164.2,521.96,2340
28/7/2020,2294,1.9034,1.753,6.9895,300.85,111.5709,330,179.73,315.73,2294
29/7/2020,2311,1.9034,1.45,6.9969,299.58,111.2771,326.2,283.5,370.27,2311
30/7/2020,2321,1.9034,1.369,6.9902,299.67,111.8568,326.4,177.71,307.77,2321
31/7/2020,2323,1.9362,1.788,6.9848,295.7,111.8646,325.6,127.62,384.08,2323
3/8/2020,2318,1.9362,1.57,6.998,293.74,113.1453,328.4,138.42,271.04,2318
4/8/2020,2311,1.9362,1.925,6.9803,295.52,113.763,320.4,36.4,391.33,2311
5/8/2020,2285,1.9362,1.69,6.9752,294.31,113.093,322.4,116.55,253.99,2285
6/8/2020,2284,1.9362,1.661,6.9438,296.8,112.8471,323.6,37.63,285.63,2284
7/8/2020,2224,2.0703,2.057,6.9408,296.44,113.6029,320.4,154.39,276.7,2224
10/8/2020,2219,2.0703,2.129,6.9649,298.92,112.3436,323.2,179.1,388.62,2219
11/8/2020,2231,2.0703,2.201,6.9711,300.09,112.5074,323.4,167.35,359.14,2231
12/8/2020,2224,2.0703,2.152,6.9597,299.31,111.7608,327,31.81,202.2,2224
13/8/2020,2228,2.0703,2.162,6.9429,298.88,112.8876,338.2,12.75,282.72,2228
14/8/2020,2296,2.0768,2.175,6.9405,298.36,113.6678,338,114.43,345.8,2296
17/8/2020,2299,2.0768,2.128,6.9362,296.74,114.166,344.4,107.74,350.55,2299
18/8/2020,2290,2.0768,2.115,6.9325,292.95,114.5711,341.2,113.04,341.68,2290
19/8/2020,2301,2.0768,2.148,6.9168,297.89,114.7147,339.2,109.16,216.18,2301
20/8/2020,2310,2.0768,2.172,6.9274,298.22,114.5204,339,106.53,250.25,2310
21/8/2020,2300,2.1497,2.258,6.9107,296.12,113.6518,340.6,63.87,286.03,2300
24/8/2020,2266,2.1497,2.3595,6.9194,298.57,113.5598,345.6,38.7,186.9,2266
25/8/2020,2275,2.1497,1.969,6.9183,303.53,114.035,354,90.31,213.68,2275
26/8/2020,2298,2.1497,1.63,6.9079,304.58,114.0651,354.4,97.22,154.27,2298
27/8/2020,2257,2.1497,1.477,6.8903,305.37,114.6654,357.6,71.34,180.61,2257
28/8/2020,2267,2.1793,1.345,6.8891,303.12,115.5546,359.4,75.57,296.28,2267
31/8/2020,2262,2.1793,1.766,6.8605,307.8,116.5063,358.2,92.15,169.1,2262
1/9/2020,2273,2.1793,2.104,6.8498,309.02,116.3505,358,44.67,204.69,2273
2/9/2020,2290,2.1793,2.094,6.8376,307.12,116.4684,358,66.06,237.83,2290
3/9/2020,2275,2.1793,1.742,6.8319,301.03,116.9689,353.4,111.21,243.52,2275
4/9/2020,2296,2.3063,2.052,6.8359,299.99,116.7099,357,63.87,224.01,2296
7/9/2020,2347,2.3063,2.088,6.8386,289.49,117.2086,361.2,189.24,491.37,2347
8/9/2020,2335,2.3063,2.051,6.8364,287.05,117.9719,361.2,118.9,208.78,2335
9/9/2020,2335,2.3063,1.607,6.8423,268.8,117.0212,360,85.83,209.54,2335
10/9/2020,2370,2.3063,1.34,6.8331,271.69,117.0338,365,75.12,218.1,2370
11/9/2020,2398,2.2856,1.464,6.8389,267.67,117.3316,368.4,110.67,237.03,2398
14/9/2020,2419,2.2856,1.607,6.8361,270.8,119.3773,369,156.69,270.62,2419
15/9/2020,2402,2.2856,1.731,6.8222,269.9,120.2288,366,62.6,245.27,2402
16/9/2020,2410,2.2856,1.404,6.7825,279.07,119.9407,371.6,141.26,244.64,2410
17/9/2020,2426,2.2856,1.769,6.7675,278.98,121.1307,374.6,76.71,248.91,2426
18/9/2020,2484,2.2775,2.101,6.7591,286.43,122.7169,378,88.04,244.41,2484
21/9/2020,2476,2.2775,2.204,6.7595,285.62,123.8292,370,33.76,177.56,2476
22/9/2020,2470,2.2775,2.286,6.7872,273.31,122.4798,368.6,74.78,126.1,2470
23/9/2020,2421,2.2775,1.884,6.7986,274.03,121.2254,368.2,34.81,161.46,2421
24/9/2020,2438,2.2775,1.424,6.8028,274.02,119.6827,363.2,78.14,246.25,2438
25/9/2020,2428,2.1757,1.113,6.8121,279.1,118.976,364.6,81.23,252.32,2428
28/9/2020,2464,2.1757,0.602,6.8252,276.03,119.5323,366.2,63.22,189.79,2464
29/9/2020,2462,2.1757,0.913,6.8171,279.57,118.9291,364,117.55,185.6,2462
30/9/2020,2468,2.1757,2.361,6.8101,269.59,117.84,378,75.33,207.77,2468
9/10/2020,2537,2.3785,2.038,6.7796,280.03,122.2042,394,56.5,306.7,2537
12/10/2020,2571,2.3785,1.53,6.7126,278.64,124.6412,389,112.25,289.7,2571
13/10/2020,2562,2.3785,1.7,6.7296,276.19,124.6417,391,100.77,220.87,2562
14/10/2020,2566,2.3785,1.962,6.7473,274.24,124.8902,396,63.41,341.81,2566
15/10/2020,2549,2.3785,2.063,6.7374,278.09,124.9795,403.6,92.37,141.19,2549
16/10/2020,2584,2.5746,2.017,6.7332,277.08,124.3748,402,113.93,200.48,2584
19/10/2020,2589,2.5746,2.187,6.701,278.01,125.156,404.2,20.35,249.35,2589
20/10/2020,2591,2.5746,2.162,6.693,277.52,124.8371,408.4,24.93,234.01,2591
21/10/2020,2587,2.5746,1.988,6.6781,277.23,125.5658,414,103.29,158.05,2587
22/10/2020,2575,2.5746,1.911,6.6556,274.43,125.2108,415.6,119.44,167.77,2575
23/10/2020,2572,2.5568,2.161,6.6703,273.62,125.8369,420,77.16,138.34,2572
26/10/2020,2583,2.5568,2.18,6.6725,264.87,126.0969,417,110.77,294.62,2583
27/10/2020,2590,2.5568,2.38,6.6989,265.73,126.6358,415.4,138.07,187.07,2590
28/10/2020,2603,2.5568,2.379,6.7195,261.8,126.6452,401,22.95,234.14,2603
29/10/2020,2608,2.5568,2.125,6.726,247.21,125.9385,397.4,40.21,298.36,2608
30/10/2020,2621,2.6323,2.236,6.7232,234.83,126.5881,398.4,116.33,277.43,2621
2/11/2020,2553,2.6323,2.322,6.705,231.04,125.9947,396,104.7,418.93,2553
3/11/2020,2540,2.6323,1.868,6.6957,242.54,126.3735,400,137.15,335.3,2540
4/11/2020,2547,2.6323,1.449,6.6771,252.73,127.3868,404,93.25,370.7,2547
5/11/2020,2556,2.6323,1.377,6.6895,248.05,128.1666,408,22.46,303.07,2556
6/11/2020,2541,2.6323,1.79,6.629,245.37,128.9318,406.6,62.67,390.29,2541
9/11/2020,2527,2.6323,2.193,6.6123,250.99,127.9796,413.4,28.18,254.34,2527
10/11/2020,2519,2.6323,2.333,6.5897,262.27,127.8203,429,38.59,192.03,2519
11/11/2020,2553,2.6323,2.314,6.607,272.02,129.3914,426.4,67.77,252.06,2553
12/11/2020,2559,2.6323,2.521,6.6236,268.43,129.9441,417.2,50.31,184.25,2559
13/11/2020,2564,2.7579,2.523,6.6285,265.1,129.617,418,44.07,123.79,2564
16/11/2020,2592,2.7579,2.252,6.6048,267.86,130.0239,424,93.06,254.24,2592
17/11/2020,2597,2.7579,1.798,6.5762,267.48,130.4077,425.2,57.91,196.81,2597
18/11/2020,2590,2.7579,1.72,6.5593,267.42,130.7787,429.2,45.28,154.81,2590
19/11/2020,2610,2.7579,1.918,6.5484,268.67,131.8851,427,85.58,224.65,2610
20/11/2020,2599,2.9154,1.959,6.5786,268.86,131.9775,427.6,210.83,230.2,2599
23/11/2020,2604,2.9154,1.839,6.5719,275.54,131.8826,433,131.86,415.59,2604
24/11/2020,2570,2.9154,1.828,6.5809,289.18,131.4459,432,199.01,262.51,2570
25/11/2020,2575,2.9154,1.578,6.5749,299.51,131.5654,427,125.97,276.82,2575
26/11/2020,2594,2.9154,1.298,6.578,299.26,131.5881,427,313.98,157.55,2594
27/11/2020,2578,2.917,0.836,6.5755,299,131.4472,435.2,289.95,238.32,2578
30/11/2020,2601,2.917,1.115,6.5782,293.04,131.9212,426.2,357.95,156.15,2601
1/12/2020,2682,2.917,0.764,6.5921,300.17,130.8269,420.4,622.12,248.2,2682
2/12/2020,2655,2.917,0.742,6.5611,297.58,130.1184,423.2,227.1,156.7,2655
3/12/2020,2649,2.917,0.901,6.5592,300.54,129.0715,426,551.65,189.91,2649
4/12/2020,2651,2.8169,1.086,6.5507,309.11,129.4953,420,187.81,215.13,2651
7/12/2020,2618,2.8169,1.366,6.5362,308.38,130.0027,423,183.63,269.89,2618
8/12/2020,2588,2.8169,1.302,6.532,298.87,129.7522,419.6,233.8,259.64,2588
9/12/2020,2610,2.8169,1.065,6.5311,300.73,128.8627,423.2,157.65,144.77,2610
10/12/2020,2609,2.8169,0.979,6.5476,299.3,129.4396,421.6,151.14,256.04,2609
11/12/2020,2602,2.69,1.431,6.5405,306.03,130.3501,423.4,216.65,122.3,2602
14/12/2020,2578,2.69,1.702,6.5361,310.67,130.5341,424,213.3,186.91,2578
15/12/2020,2569,2.69,1.403,6.5434,306.95,130.7996,424.6,174.12,139.29,2569
16/12/2020,2605,2.69,0.974,6.5355,307.76,131.4041,426.2,53.8,136.12,2605
17/12/2020,2613,2.69,1.356,6.5362,319.18,132.2131,432,103.46,195.87,2613
18/12/2020,2615,2.5478,1.723,6.5315,319.34,133.3266,436.6,179.23,146.67,2615
21/12/2020,2645,2.5478,1.489,6.5507,313.97,134.6608,440,150.82,246.79,2645
22/12/2020,2646,2.5478,1.015,6.5387,300.94,134.8171,443,129.7,147.55,2646
23/12/2020,2674,2.5478,0.623,6.5558,297.18,134.5977,447,147.75,291.07,2674
24/12/2020,2667,2.5478,0.609,6.5361,312.32,136.4092,450.4,79.21,256.16,2667
25/12/2020,2678,2.4219,0.793,6.5333,315.42,136.8569,450.4,55.09,174.42,2678
28/12/2020,2708,2.4219,0.673,6.5236,312.65,136.9994,456.4,25.86,217.47,2708
29/12/2020,2698,2.4219,0.624,6.5451,311.52,136.0114,466,94.1,286.36,2698
30/12/2020,2731,2.4219,0.644,6.5325,311.78,137.3877,474,136.83,368.46,2731
31/12/2020,2742,2.4219,1.093,6.5249,310.01,138.8967,484,71.08,307.12,2742
4/1/2021,2746,2.4219,0.899,6.5408,326.03,140.9771,484.4,284.34,233.3,2746
5/1/2021,2769,2.4219,0.729,6.476,317.69,140.6939,492.4,88.85,208.61,2769
6/1/2021,2786,2.4219,0.616,6.4604,329.84,142.0308,495.2,118.47,139.81,2786
7/1/2021,2806,2.4219,0.921,6.4608,340.86,143.1416,494,34.22,124.29,2806
8/1/2021,2836,1.8609,0.965,6.4708,343.47,142.8133,496.2,93.66,104.8,2836
11/1/2021,2837,1.8609,1.216,6.4764,333.11,143.6,491.2,103.49,308.7,2837
12/1/2021,2868,1.8609,1.333,6.4823,344.12,142.6361,517.2,98.51,229.15,2868
13/1/2021,2872,1.8609,1.401,6.4605,350.17,144.32,522.4,128.12,223.57,2872
14/1/2021,2845,1.8609,1.675,6.4746,343.72,142.8504,534,111.62,157.94,2845
15/1/2021,2869,1.7662,1.738,6.4633,342.3,142.2083,530.2,37.7,149.93,2869
18/1/2021,2881,1.7662,2.125,6.4845,336.73,141.7935,525,39.26,159.6,2881
19/1/2021,2868,1.7662,2.236,6.4883,338.18,141.7827,525,24.7,170.18,2868
20/1/2021,2845,1.7662,2.457,6.4836,345.4,139.4695,521.6,82.56,309.33,2845
21/1/2021,2849,1.7662,2.573,6.4696,343.3,139.2767,524,41.27,280.95,2849
22/1/2021,2821,1.9313,2.436,6.4617,335.82,138.701,500.4,27.96,192,2821
25/1/2021,2772,1.9313,2.45,6.4819,336.01,136.9813,512,120.07,241.85,2772
26/1/2021,2773,1.9313,2.726,6.4847,332.18,137.2926,530.6,59.83,254.93,2773
27/1/2021,2765,1.9313,2.97,6.4665,338.55,138.6878,532.4,122.12,251.13,2765
28/1/2021,2727,1.9313,3.024,6.4845,336.66,138.7583,534,112.62,150,2727
29/1/2021,2714,2.6657,3.282,6.4709,338.5,138.4189,547,138.75,248.96,2714
1/2/2021,2774,2.6657,2.795,6.4623,341.13,138.7163,549.6,53.12,144.04,2774
2/2/2021,2767,2.6657,2.313,6.4736,351.74,137.7863,543,140.69,282.75,2767
3/2/2021,2776,2.6657,1.859,6.4669,352.02,135.9123,551.4,129.62,145.65,2776
4/2/2021,2784,2.6657,2.075,6.4605,362.41,136.8004,549,75.03,129.36,2784
5/2/2021,2818,2.3753,1.909,6.471,364.08,138.829,548,37.82,111.2,2818
8/2/2021,2754,2.3753,1.906,6.4678,369.55,139.3635,564.4,75.7,232.61,2754
9/2/2021,2769,2.3753,1.772,6.4533,379.45,140.4923,557,155.08,84.45,2769
10/2/2021,2767,2.3753,1.925,6.4391,372.89,140.9195,532,154.38,113.01,2767
18/2/2021,2828,2.3753,2.341,6.4536,399.66,143.4549,548,53.19,148.02,2828
19/2/2021,2815,1.9564,1.886,6.4624,389.6,143.7519,542,56.43,106.51,2815
22/2/2021,2797,1.9564,1.512,6.4563,393.62,145.3327,550.2,101.75,132.3,2797
23/2/2021,2786,1.9564,1.984,6.4516,414.59,146.0292,552.4,63.76,145.25,2786
24/2/2021,2810,1.9564,1.512,6.4615,407.97,147.3966,556.4,104.4,186.94,2810
25/2/2021,2827,1.9564,1.703,6.4522,420.59,149.2785,549.4,86.57,124.74,2827
26/2/2021,2777,1.9001,2.092,6.4713,409.76,147.2125,548,185.93,223.25,2777
1/3/2021,2789,1.9001,2.154,6.4754,413.77,147.3694,538.4,58.53,257.79,2789
2/3/2021,2781,1.9001,1.775,6.4625,392.58,146.5712,543.6,78.79,122,2781
3/3/2021,2763,1.9001,1.471,6.4565,398.14,146.3466,534.5,68.01,103.44,2763
4/3/2021,2758,1.9001,1.926,6.4758,405.28,146.3632,532.5,84.2,76.48,2758
5/3/2021,2819,1.971,1.565,6.4904,428.28,146.5367,547.25,95.13,231.03,2819
8/3/2021,2824,1.971,1.704,6.4795,444.46,149.3521,546,112.14,328.48,2824
9/3/2021,2771,1.971,2.024,6.5338,428.36,149.268,545.75,110.04,167.78,2771
10/3/2021,2716,1.971,1.747,6.5106,417.68,147.2233,532.75,72.06,195.33,2716
11/3/2021,2710,1.971,1.796,6.497,422.05,145.4423,537.5,81.75,275.24,2710
12/3/2021,2717,1.973,1.787,6.4845,424.29,147.1177,539.75,87.14,106.71,2717
15/3/2021,2710,1.973,2.245,6.501,428.95,146.6064,548,53.36,206.85,2710
16/3/2021,2716,1.973,2.14,6.5029,417.09,146.9139,554,49.11,87.46,2716
17/3/2021,2704,1.973,1.968,6.4978,421.75,146.1432,556.25,86.32,187.89,2704
18/3/2021,2695,1.973,2.206,6.4859,412.92,145.3233,547.25,83.26,180.02,2695
19/3/2021,2706,1.9524,2.135,6.5098,381.2,143.8867,556.25,81.56,211.66,2706
22/3/2021,2725,1.9524,2.052,6.5191,392.07,144.2995,551.25,81.34,275.36,2725
23/3/2021,2719,1.9524,1.976,6.5036,392.72,145.8351,551.75,52.47,193.53,2719
24/3/2021,2709,1.9524,1.822,6.5228,380.74,146.011,552.5,119.47,126.24,2709
25/3/2021,2709,1.9524,2.029,6.5282,385.86,146.4122,546.5,167.96,142.05,2709
26/3/2021,2713,1.9354,1.762,6.5376,387.15,143.4745,552,275.87,108.99,2713
29/3/2021,2654,1.9354,1.814,6.5416,390.88,142.3164,545.75,81.34,177.66,2654
30/3/2021,2637,1.9354,1.825,6.5641,400.91,141.6949,537.75,78.59,121.16,2637
31/3/2021,2631,1.9354,2.124,6.5713,402.08,139.9046,576.5,55.17,136.03,2631
1/4/2021,2626,1.9354,2.143,6.5584,396.6,142.3575,559,91.37,76.09,2626
2/4/2021,2603,1.903,1.734,6.5649,412.23,142.8473,552.5,151.88,130.61,2603
6/4/2021,2631,1.903,1.765,6.5527,392.01,143.6833,556,139.36,125.46,2631
7/4/2021,2659,1.903,1.824,6.5384,389.79,144.9285,561.25,107.21,205.44,2659
8/4/2021,2712,1.903,1.76,6.5463,387.13,144.2643,579.25,101.3,115.07,2712
9/4/2021,2692,1.9192,1.784,6.5409,389.55,144.1098,576,79.15,115.04,2692
12/4/2021,2674,1.9192,1.792,6.5578,385.61,143.0566,567.75,93.77,69.6,2674
13/4/2021,2639,1.9192,1.781,6.5454,394.24,141.7415,580.25,94.03,112.82,2639
14/4/2021,2646,1.9192,1.81,6.5362,400.08,142.3459,579.5,143.84,65.13,2646
15/4/2021,2684,1.9192,1.81,6.5297,414.38,143.5136,577,90.85,111.93,2684
16/4/2021,2699,1.935,1.946,6.5288,416.59,145.2582,574.75,143.42,86.85,2699
19/4/2021,2712,1.935,2.118,6.5233,412.37,146.0015,580.5,91.82,92,2712
20/4/2021,2703,1.935,1.854,6.5103,415.07,146.5124,592.75,38.96,89.99,2703
21/4/2021,2717,1.935,1.864,6.5046,404.15,148.1102,605.75,94.78,100.71,2717
22/4/2021,2753,1.935,2.127,6.4902,396.67,149.611,631.5,65.44,70.82,2753
23/4/2021,2759,1.8483,1.942,6.4934,400.43,151.2139,635,70.99,102.84,2759
26/4/2021,2744,1.8483,2.075,6.4913,397.85,151.1948,657.5,92.28,84.99,2744
27/4/2021,2764,1.8483,1.814,6.4924,403.46,150.8004,656.25,137.18,165.42,2764
28/4/2021,2769,1.8483,1.78,6.4853,408.61,150.4191,640.5,99.26,102.3,2769
29/4/2021,2751,1.8483,1.823,6.4715,415.09,150.2812,647.75,65.93,153.32,2751
30/4/2021,2733,1.8483,2.285,6.4672,418.85,149.0555,673.25,84.05,125.83,2733
6/5/2021,2763,1.8483,2.097,6.4895,427.36,152.8942,719.75,48.59,142.39,2763
7/5/2021,2817,1.8167,1.779,6.4678,425.87,155.1759,731,49.86,170.41,2817
10/5/2021,2832,1.8167,1.663,6.4425,428.26,155.0602,713.25,43.04,168.8,2832
11/5/2021,2831,1.8167,1.938,6.4254,419.94,154.0928,724,59.96,175.89,2831
12/5/2021,2872,1.8167,1.951,6.4258,427.97,157.2915,714.25,114.14,78.7,2872
13/5/2021,2803,1.8167,1.966,6.4612,424.62,156.7842,674.75,114.45,94.65,2803
14/5/2021,2782,1.7949,1.805,6.4525,414.51,153.8321,644.75,76.23,100.11,2782
17/5/2021,2772,1.7949,2.136,6.4307,426.49,153.7928,652,57.75,128.94,2772
18/5/2021,2774,1.7949,2.119,6.4357,436.39,153.9766,659.25,54.54,96.41,2774
19/5/2021,2768,1.7949,2.025,6.4255,421.12,153.5034,661,65.2,147.69,2768
20/5/2021,2759,1.7949,2.092,6.4464,411.69,150.7872,663.25,75.78,189.22,2759
21/5/2021,2764,1.7233,1.996,6.43,400.58,150.4278,656.5,66.08,108.94,2764
24/5/2021,2737,1.7233,2.171,6.4408,414.08,148.7546,658,55.25,183.43,2737
25/5/2021,2730,1.7233,2.194,6.4283,424.55,149.3068,620.75,50.23,145.6,2730
26/5/2021,2670,1.7233,1.99,6.4099,425.12,148.7547,624.75,98.89,71.66,2670
27/5/2021,2669,1.7233,2.117,6.403,420.17,147.3773,664.5,43.49,70.25,2669
28/5/2021,2682,1.7791,2.166,6.3858,427.67,148.4251,656,74.33,171.86,2682
31/5/2021,2666,1.7791,2.227,6.3682,426.37,148.3197,656,38.47,74.69,2666
1/6/2021,2693,1.7791,2.187,6.3572,437.86,148.7687,687.25,47.42,176.43,2693
2/6/2021,2715,1.7791,2.04,6.3773,437.19,150.3968,675,70.03,83.31,2715
3/6/2021,2733,1.7791,1.852,6.3811,446,152.5342,660,54.7,109.44,2733
4/6/2021,2713,1.7488,2.175,6.4072,442.86,151.8501,681,29.3,68,2713
7/6/2021,2705,1.7488,2.299,6.3963,440.49,152.8383,677.5,69.38,111.43,2705
8/6/2021,2689,1.7488,2.193,6.3909,440.4,151.559,610.25,31.53,109.81,2689
9/6/2021,2707,1.7488,2.188,6.3956,450.33,151.5618,607.75,57.39,131.85,2707
10/6/2021,2730,1.7488,1.892,6.3972,443.66,150.8317,615,70.72,122.88,2730
11/6/2021,2765,1.7556,1.998,6.3856,450.28,151.1212,610,98.65,97.74,2765
15/6/2021,2682,1.7556,2.104,6.407,451.73,145.4133,572.25,53.34,109.37,2682
16/6/2021,2668,1.7556,2.006,6.4078,459.57,144.9101,571.5,46.1,104.83,2668
17/6/2021,2670,1.7556,1.876,6.4298,456.19,143.6361,532.5,111.57,94.44,2670
18/6/2021,2619,1.79,2.014,6.4361,441.24,140.9503,566.75,125.82,142.32,2619
21/6/2021,2595,1.79,2.247,6.4546,450.47,141.3479,558,99.26,174.11,2595
22/6/2021,2583,1.79,2.301,6.4613,460.06,142.0796,539.25,128.12,100,2583
23/6/2021,2597,1.79,2.208,6.4621,464.26,142.9298,533,106.53,60.28,2597
24/6/2021,2588,1.79,1.853,6.4824,463.72,143.2302,535.5,174.66,113.04,2588
25/6/2021,2588,1.7977,1.55,6.4744,464.66,143.1011,518.75,32.96,92.88,2588
28/6/2021,2614,1.7977,1.558,6.4578,462.76,143.5377,545.25,14.77,168.47,2614
29/6/2021,2627,1.7977,1.795,6.4567,455.51,144.6402,546.5,205.42,74.51,2627
30/6/2021,2613,1.7977,2.177,6.4601,458.47,145.5824,588.5,147.95,133.65,2613
1/7/2021,2621,1.7977,1.734,6.4709,459.92,148.0359,588.25,31.17,82.66,2621
2/7/2021,2631,1.822,1.614,6.4712,468.35,150.9452,578,79.74,133.09,2631
5/7/2021,2607,1.822,1.665,6.4695,471.84,151.0398,539.75,190.49,144.78,2607
6/7/2021,2588,1.822,1.908,6.4613,474.72,151.603,539.75,134.5,199.58,2588
7/7/2021,2574,1.822,2.068,6.4762,453.76,149.366,532,129.45,57.23,2574
8/7/2021,2569,1.822,1.791,6.4705,441.85,149.0059,522,73.34,67.69,2569
9/7/2021,2567,1.7504,2.206,6.4755,447.94,149.4051,513.75,76.73,84.3,2567
12/7/2021,2556,1.7504,1.94,6.4785,450.46,150.5965,531.5,190.47,144.11,2556
13/7/2021,2595,1.7504,2.05,6.4757,456.52,151.1648,541,37.58,192.35,2595
14/7/2021,2624,1.7504,1.984,6.4806,463.35,151.9593,559.5,131.69,98.68,2624
15/7/2021,2609,1.7504,2.098,6.464,443.39,153.2929,554.75,68.72,153.82,2609
16/7/2021,2574,1.7152,2.115,6.4705,438.27,153.4898,549.75,43.38,140.71,2574
19/7/2021,2528,1.7152,2.111,6.47,435.79,155.0727,552.25,75.58,103.99,2528
20/7/2021,2517,1.7152,2.178,6.4855,416.34,153.1398,566.25,105.47,130.37,2517
21/7/2021,2519,1.7152,2.182,6.4835,414.92,153.9499,568,121.24,185.19,2519
22/7/2021,2512,1.7152,2.114,6.4651,427.34,153.1397,561.75,137.73,91.1,2512
23/7/2021,2524,1.6986,2.057,6.465,438.94,152.6537,543,76.51,138.66,2524
26/7/2021,2544,1.6986,2.119,6.4763,440.33,152.3365,545.75,65.26,125.45,2544
27/7/2021,2577,1.6986,2.27,6.4734,446.56,153.9335,546.5,29.78,132.55,2577
28/7/2021,2564,1.6986,2.092,6.4929,450.91,154.7303,549.5,128.32,152.66,2564
29/7/2021,2562,1.6986,1.644,6.4942,453.23,154.3306,555.75,108.48,144.4,2562
30/7/2021,2573,1.6432,2.178,6.4602,452.48,154.6511,544.5,133.28,133.44,2573
2/8/2021,2591,1.6432,1.876,6.466,449.45,153.0914,559,124.54,124.58,2591
3/8/2021,2607,1.6432,1.836,6.461,436.51,152.3884,552.25,32.55,77.81,2607
4/8/2021,2608,1.6432,1.71,6.4655,437.19,152.5818,548,108.13,67.39,2608
5/8/2021,2616,1.6432,1.709,6.4691,423.55,153.516,553.25,57.84,179.01,2616
6/8/2021,2601,1.7233,1.859,6.4625,434.67,153.8549,556.75,166.14,107.12,2601
9/8/2021,2604,1.7233,2.212,6.484,420.49,154.9125,554.5,62.51,134.96,2604
10/8/2021,2577,1.7233,2.25,6.4842,426.19,154.9708,553.5,109.87,399.87,2577
11/8/2021,2580,1.7233,2.032,6.4831,434,156.2647,558.5,45.22,96.07,2580
12/8/2021,2614,1.7233,1.94,6.4754,431.7,156.8175,571.5,66.37,90.39,2614
13/8/2021,2631,1.7751,2.176,6.4799,429.97,156.7439,572.5,24.62,101.4,2631
16/8/2021,2597,1.7751,2.105,6.4717,424.67,159.3738,569.5,60.37,131.18,2597
17/8/2021,2593,1.7751,1.972,6.4765,421.11,159.9351,564.5,44.36,113.72,2593
18/8/2021,2556,1.7751,1.725,6.4915,423.63,158.8587,563.25,87.95,113.23,2556
19/8/2021,2552,1.7751,1.841,6.4853,408.17,157.6376,551.25,145.2,78.58,2552
20/8/2021,2501,1.8155,2.042,6.4984,407.29,155.3772,537.25,23.34,85.35,2501
23/8/2021,2497,1.8155,2.143,6.4969,407.07,154.5521,536.25,56.88,177.96,2497
24/8/2021,2510,1.8155,2.262,6.4805,421.97,154.6665,544.25,23.24,86.77,2510
25/8/2021,2502,1.8155,2.211,6.4728,428.24,155.8302,550.75,94.98,74.18,2502
26/8/2021,2494,1.8155,2.199,6.473,431.78,156.5299,549.75,94.1,54.9,2494
27/8/2021,2478,1.9491,2.092,6.4863,436.19,155.8465,553.5,123.6,69.52,2478
30/8/2021,2482,1.9491,1.846,6.4677,436.28,156.0594,543.5,105.94,77.75,2482
31/8/2021,2487,1.9491,2.195,6.4679,438.09,155.3716,534.75,77.37,166.77,2487
1/9/2021,2463,1.9491,2.122,6.468,442.64,154.2954,522.25,146.6,88.74,2463
2/9/2021,2495,1.9491,2.082,6.4594,441.75,153.8637,525,29.24,72.75,2495
3/9/2021,2491,1.9374,1.943,6.4577,450.25,155.685,522.75,42.38,88.32,2491
6/9/2021,2461,1.9374,2.115,6.4529,442.79,156.2556,510.25,111.38,222.33,2461
7/9/2021,2462,1.9374,2.187,6.4533,449.49,156.6866,510.25,73.89,165.86,2462
8/9/2021,2461,1.9374,2.184,6.4674,446.04,156.9692,510.5,147.78,118.66,2461
9/9/2021,2463,1.9374,2.029,6.4615,448.26,156.7534,511.75,24.52,56.89,2463
10/9/2021,2453,1.9131,2.109,6.4566,444.67,155.6377,516.5,49.57,72.22,2453
13/9/2021,2477,1.9131,2.165,6.4497,454.51,155.6879,513.5,45.58,209.02,2477
14/9/2021,2457,1.9131,2.296,6.45,457.51,155.3329,521.25,55.65,135.76,2457
15/9/2021,2459,1.9131,2.137,6.4492,459.42,155.7027,534.5,128.87,106.93,2459
16/9/2021,2437,1.9131,2.21,6.433,464.59,156.8766,529.5,178.43,44.76,2437
17/9/2021,2437,1.9054,2.213,6.4527,465.07,156.3447,527.75,187.01,83.45,2437
22/9/2021,2463,1.9054,2.161,6.4693,464.44,154.9891,525,115.37,98.64,2463
23/9/2021,2484,1.9054,2.035,6.4749,469.48,156.1583,529.25,110.18,79.1,2484
24/9/2021,2485,1.7747,1.695,6.4599,477.12,157.2377,525.5,41.6,86.86,2485
27/9/2021,2481,1.7747,1.708,6.4695,482.13,158.1467,539.25,52.22,243.51,2481
28/9/2021,2473,1.7747,1.946,6.4608,493.38,157.7493,532.75,185.89,126.3,2473
29/9/2021,2481,1.7747,1.505,6.4662,477.64,158.2898,539.25,171.18,104.63,2481
30/9/2021,2520,1.7747,2.22,6.4854,482.1,160.1983,537.5,110.81,142.53,2520
8/10/2021,2490,1.7747,2.105,6.4604,511.59,164.2739,530,67.46,96.69,2490
11/10/2021,2544,1.7747,2.135,6.4479,511.52,165.7466,533,42.82,85.57,2544
12/10/2021,2537,1.7747,2.101,6.4447,511.46,164.716,523.75,27.8,90.52,2537
13/10/2021,2558,1.7747,2.157,6.4612,508.03,163.6218,511.25,42.16,111.12,2558
14/10/2021,2527,1.7747,2.106,6.4414,511.12,162.8722,516.5,46.75,94.34,2527
15/10/2021,2572,1.835,2.065,6.4386,515.86,164.3252,527,64.81,65.19,2572
18/10/2021,2542,1.835,2.131,6.43,524.3,165.0887,532.75,56.21,159.77,2542
19/10/2021,2569,1.835,2.223,6.4307,513.49,164.9707,530,112.12,73.95,2569
20/10/2021,2568,1.835,2.104,6.4069,507.18,165.0685,539.75,65.58,59.85,2568
21/10/2021,2569,1.835,1.683,6.389,511.09,167.487,532.5,39.59,69.73,2569
22/10/2021,2568,1.9803,1.672,6.4032,502.1,164.7006,538.25,65.58,101.73,2568
25/10/2021,2618,1.9803,1.61,6.3924,513.2,165.1828,538,50.62,102.62,2618
26/10/2021,2628,1.9803,1.546,6.389,512.18,166.0233,542.5,76.62,99.45,2628
27/10/2021,2609,1.9803,1.921,6.3856,509.14,165.8143,557.75,80.8,63.73,2609
28/10/2021,2587,1.9803,1.94,6.3957,501.76,164.9171,563,140.06,90.49,2587
29/10/2021,2627,2.1505,2.142,6.3907,508.16,166.2277,569,58.92,77.35,2627
1/11/2021,2616,2.1505,2.03,6.4192,503.98,165.733,579,124.8,136.17,2616
2/11/2021,2637,2.1505,2.126,6.4009,516.04,165.4472,572.5,93.37,110.75,2637
3/11/2021,2657,2.1505,2,6.4079,507.2,165.2633,563.5,92.24,188.57,2657
4/11/2021,2676,2.1505,1.886,6.3943,495.91,165.1219,559.25,108.78,156.8,2676
5/11/2021,2674,2.1136,1.887,6.398,493.85,163.472,552.75,69.83,211.53,2674
8/11/2021,2690,2.1136,1.897,6.3959,512.08,161.234,552,180.38,363.38,2690
9/11/2021,2720,2.1136,2.137,6.3903,506.99,161.1832,555.5,261.62,149.84,2720
10/11/2021,2727,2.1136,1.833,6.3948,534.23,162.1094,568.25,73.37,39,2727
11/11/2021,2685,2.1136,1.881,6.4145,516.41,164.1302,577.75,41.53,65.66,2685
12/11/2021,2663,2.1088,1.856,6.4065,512.02,164.1929,584.75,118.47,202.74,2663
15/11/2021,2658,2.1088,1.787,6.3896,505.14,164.6365,583.5,105.36,107.9,2658
16/11/2021,2680,2.1088,1.923,6.3924,515.63,165.4131,577,152.82,112.32,2680
17/11/2021,2678,2.1088,2.152,6.3935,511.37,165.5979,581.25,162.46,114.88,2678
18/11/2021,2679,2.1088,1.932,6.3803,490.71,166.6965,579,106.63,141.8,2679
19/11/2021,2705,2.1213,1.998,6.3825,505.9,166.9976,576.75,69.3,120.37,2705
22/11/2021,2670,2.1213,1.946,6.3952,487.12,166.0594,584.25,0,92.12,2670
23/11/2021,2642,2.1213,2.178,6.3929,490.66,165.744,588.5,101.34,98.64,2642
24/11/2021,2637,2.1213,1.788,6.3903,512.22,164.9864,585,126.35,131.12,2637
25/11/2021,2644,2.1213,1.823,6.398,507.41,165.5173,585,105.94,58.34,2644
26/11/2021,2648,2.1027,1.712,6.3936,494.79,164.7634,591.75,125.38,57.97,2648
29/11/2021,2658,2.1027,1.86,6.3872,472.76,163.4523,583,127.77,103.8,2658
30/11/2021,2645,2.1027,2.173,6.3794,447.4,161.6767,568.75,73.88,117.24,2645
1/12/2021,2666,2.1027,2.017,6.3693,450.88,159.7269,571,47.39,108.42,2666
2/12/2021,2676,2.1027,1.984,6.3719,439.95,160.168,577,229.54,90.4,2676
3/12/2021,2661,2.1461,1.913,6.3738,444.8,161.5531,585,89.64,219.57,2661
6/12/2021,2643,2.1461,1.817,6.3702,449.33,162.9536,584.25,64.39,90.05,2643
7/12/2021,2694,2.1461,2.13,6.3738,461.57,163.404,584.25,124.67,121.78,2694
8/12/2021,2713,2.1461,2.151,6.3677,470.69,162.718,587.75,205.94,94.23,2713
9/12/2021,2694,2.1461,2.154,6.3498,475.4,162.5358,591,70.77,59.47,2694
10/12/2021,2705,2.1388,1.807,6.3702,463.97,161.7896,590.5,103.7,78.93,2705
13/12/2021,2732,2.1388,2.108,6.3669,480.7,162.0138,584.5,71.96,214.47,2732
14/12/2021,2734,2.1388,2.168,6.3675,468.32,160.754,590.25,165.27,76.16,2734
15/12/2021,2748,2.1388,2.137,6.3716,459.61,160.4387,586.25,121.91,103.8,2748
16/12/2021,2730,2.1388,2.116,6.3637,469.31,160.9263,591,141.47,152.15,2730
17/12/2021,2735,2.1611,1.862,6.3651,467.85,162.8423,592.5,143.58,130.93,2735
20/12/2021,2714,2.1611,1.994,6.3933,449.58,162.1352,591.25,48.28,118.72,2714
21/12/2021,2709,2.1611,1.858,6.3729,453.47,161.6003,598,81.61,164.17,2709
22/12/2021,2688,2.1611,1.687,6.3703,464.5,162.5941,602.5,70.4,130.79,2688
23/12/2021,2706,2.1611,1.631,6.3651,471.46,164.0657,606.75,156.97,171.54,2706
24/12/2021,2696,2.2844,1.84,6.3692,477.41,165.2198,606.75,73.85,98.9,2696
27/12/2021,2695,2.2844,1.778,6.3686,472,165.9283,614.5,86.3,179.41,2695
28/12/2021,2681,2.2844,1.616,6.3728,492.45,166.8153,604,70.81,113.84,2681
29/12/2021,2664,2.2844,1.343,6.3735,491.19,166.145,605.75,48.42,84.18,2664
30/12/2021,2688,2.2844,1.276,6.3674,496.48,166.2537,595.25,90.31,131.66,2688
31/12/2021,2672,2.2844,2.129,6.3757,496.97,166.3282,592.5,134.17,132.09,2672
4/1/2022,2702,2.2844,1.925,6.3794,492.28,168.1062,609.25,95.39,192.08,2702
5/1/2022,2711,2.2844,1.777,6.3779,500.78,169.4838,602.5,76.8,111.08,2711
6/1/2022,2676,2.2844,1.714,6.3728,499.37,168.5534,604.5,96.65,235.1,2676
7/1/2022,2682,2.2844,1.839,6.3742,516.84,168.4004,606.5,148.32,57.41,2682
10/1/2022,2687,2.2844,1.878,6.3653,508.6,168.8473,599.25,63.32,120.25,2687
11/1/2022,2696,2.2844,1.984,6.3684,504.12,168.8991,601,99.26,77.55,2696
12/1/2022,2720,2.2844,1.972,6.3658,516.94,169.2963,598.25,111.29,91.97,2720
13/1/2022,2719,2.2844,2.218,6.3542,522.68,169.9582,586.75,114.03,57.28,2719
14/1/2022,2735,1.9139,2.209,6.3677,524.96,169.215,598,102.02,73.63,2735
17/1/2022,2721,1.9139,2.113,6.3599,532.38,169.2413,600.25,175,174.94,2721
18/1/2022,2719,1.9139,1.921,6.3521,540.88,169.61,600.25,113.04,77,2719
19/1/2022,2733,1.9139,2.035,6.3624,542.12,170.8507,610.5,71.33,71.25,2733
20/1/2022,2756,1.9139,2.035,6.3485,542.96,172.8875,610.25,68.01,72.93,2756
21/1/2022,2736,1.7698,2.063,6.3492,534,173.892,618,93.85,126.04,2736
24/1/2022,2732,1.7698,1.935,6.3411,541.39,174.6072,621.25,129.86,273.48,2732
25/1/2022,2758,1.7698,1.931,6.3418,531.71,173.1737,619.25,64.9,190.88,2758
26/1/2022,2775,1.7698,1.74,6.3246,536.92,173.7789,626.25,143.65,146.78,2775
27/1/2022,2768,1.7698,1.614,6.3382,540.76,175.989,624,176.05,164.89,2768
28/1/2022,2763,1.7698,1.2,6.3746,535.28,177.4087,636.25,65.02,129.34,2763
7/2/2022,2749,1.7698,2.112,6.358,566.23,184.6137,636.5,68.01,97.27,2749
8/2/2022,2791,1.7698,2.044,6.3569,559.96,183.891,632.25,100.01,115.82,2791
9/2/2022,2775,1.7698,1.728,6.3653,546.84,182.3953,646.25,85.96,83.48,2775
10/2/2022,2788,1.7698,1.673,6.3599,551.78,184.0011,641.75,67.37,84.38,2788
11/2/2022,2766,1.5098,1.812,6.3681,548.11,183.7444,649.75,81.11,67.68,2766
14/2/2022,2774,1.5098,1.866,6.3664,574.16,183.7929,655.75,65.58,201.81,2774
15/2/2022,2770,1.5098,1.807,6.3605,574.85,182.3482,636.5,95.26,109.46,2770
16/2/2022,2765,1.5098,1.942,6.3463,559.13,181.5726,644.75,39.07,73.91,2765
17/2/2022,2777,1.5098,1.855,6.3321,562.96,182.4155,647.5,124.64,107.1,2777
18/2/2022,2773,1.6954,2.11,6.3343,564.11,184.1672,653.25,185.96,180.25,2773
21/2/2022,2763,1.6954,2.195,6.3401,566.31,185.4449,674,113.35,114.2,2763
22/2/2022,2785,1.6954,2.039,6.3487,592.69,187.0661,674,106.49,180.27,2785
23/2/2022,2805,1.6954,2.043,6.3313,585.1,188.1357,679.25,66.82,89.64,2805
24/2/2022,2837,1.6954,2.197,6.328,614.73,192.51,686.25,22.46,156.68,2837
25/2/2022,2848,1.7957,2.231,6.3346,603.86,193.3544,655.5,59.24,161.59,2848
28/2/2022,2856,1.7957,2.234,6.3222,611.04,188.421,690.75,54.93,167.06,2856
1/3/2022,2874,1.7957,1.801,6.3014,613,192.2566,725.75,142.35,188.05,2874
2/3/2022,2885,1.7957,1.887,6.3351,653.52,196.9527,727,136.47,134.88,2885
3/3/2022,2893,1.7957,1.729,6.3016,706.66,197.1406,747.5,72.39,204.82,2893
4/3/2022,2886,1.7925,1.902,6.3288,681.18,195.319,752,67.27,219.09,2886
7/3/2022,2923,1.7925,2.039,6.3478,744.19,196.7099,750.5,26.98,164.7,2923
8/3/2022,2893,1.7925,2.056,6.3185,772.43,196.8322,753.25,74.61,165.06,2893
9/3/2022,2888,1.7925,2.024,6.3178,791.95,200.5025,733,116.86,142.59,2888
10/3/2022,2842,1.7925,2.025,6.3105,687.42,198.9501,754.75,59.96,150.53,2842
11/3/2022,2860,1.8313,2.051,6.3306,674.1,200.143,762.75,113.3,232.96,2860
14/3/2022,2855,1.8313,2.063,6.3506,674.07,196.8013,745,80.58,222.54,2855
15/3/2022,2843,1.8313,2.063,6.376,621.17,194.726,757.75,57.54,154.33,2843
16/3/2022,2863,1.8313,2.04,6.38,629.87,194.36,730.5,44.97,216.66,2863
17/3/2022,2854,1.8313,2.009,6.3406,617.51,194.9739,753.25,69.21,137.82,2854
18/3/2022,2889,1.873,1.992,6.3425,668.35,196.0403,741.25,63.22,171.27,2889
21/3/2022,2885,1.873,2.015,6.3677,674.38,195.4136,756.75,53.34,239.83,2885
22/3/2022,2896,1.873,1.946,6.3664,708.79,197.9886,750.25,128.43,137.53,2896
23/3/2022,2906,1.873,2.003,6.3558,693.87,198.3167,756.75,51.9,116.56,2906
24/3/2022,2902,1.873,2.005,6.364,716.38,201.2981,747.75,128.12,128.23,2902
25/3/2022,2887,1.8941,2.001,6.3739,712.85,199.4476,753.75,73.08,209.01,2887
28/3/2022,2863,1.8941,1.946,6.3732,697.18,199.1371,746.75,67.68,322.1,2863
29/3/2022,2855,1.8941,1.727,6.364,670.26,196.9691,728,45.84,193.93,2855
30/3/2022,2842,1.8941,1.557,6.3566,681.28,194.301,738.5,82.59,105.19,2842
31/3/2022,2840,1.8941,2.011,6.3482,664.41,195.4684,747.5,31.08,81.85,2840
1/4/2022,2834,1.8941,1.604,6.3509,644.07,193.3986,733.25,79.58,114.29,2834
6/4/2022,2869,1.8941,1.848,6.3799,672.42,194.6476,755.75,66.88,168.21,2869
7/4/2022,2951,1.8941,1.825,6.3659,629.02,194.8223,750.25,127.85,171.04,2951
8/4/2022,2924,1.7269,1.751,6.3653,626.7,195.5578,759.75,153.03,124.74,2924
11/4/2022,2914,1.7269,1.856,6.3645,625.28,196.9728,759.25,69.19,241.25,2914
12/4/2022,2919,1.7269,1.772,6.3795,636.58,197.1514,771,180.85,103.12,2919
13/4/2022,2917,1.7269,1.665,6.3752,651.22,198.2635,778.25,130.44,90.43,2917
14/4/2022,2949,1.7269,1.552,6.354,666.03,199.1642,784.5,90.19,142.29,2949
15/4/2022,2970,1.7965,1.339,6.3896,691.2,200.4335,784.5,42.87,98.36,2970
18/4/2022,2967,1.7965,1.403,6.3763,694.96,202.2788,806,64.31,93.03,2967
19/4/2022,2991,1.7965,1.294,6.372,693.27,203.3134,799,79.84,276.08,2991
20/4/2022,3008,1.7965,1.303,6.3996,674.92,203.0264,809.25,91.54,95.07,3008
21/4/2022,3014,1.7965,1.294,6.4098,680.5,203.5301,795.25,102.15,89.05,3014
22/4/2022,2985,1.7589,1.255,6.4596,672.66,203.7017,787.75,104.34,148.56,2985
25/4/2022,2967,1.7589,1.303,6.4909,635.47,203.909,797.5,143.58,126.9,2967
26/4/2022,2994,1.7589,1.306,6.559,642.84,200.6137,802.25,35.63,130.06,2994
27/4/2022,2986,1.7589,1.303,6.5598,663.47,203.1329,814.5,67.8,69.39,2986
28/4/2022,3030,1.7589,1.301,6.5628,651.06,206.031,813,46.79,80.21,3030
29/4/2022,3044,1.7589,1.838,6.6177,672.53,207.8443,813.25,33.04,126.12,3044
5/5/2022,3022,1.7589,1.783,6.5672,692.84,206.5292,796.25,125.38,87.92,3022
6/5/2022,2991,1.7419,1.351,6.6332,696.66,204.5143,786.5,80.05,212.5,2991
9/5/2022,2988,1.7419,1.309,6.6899,701.68,201.9153,772.5,125.37,97.81,2988
10/5/2022,2964,1.7419,1.305,6.7134,655.5,200.6221,775.75,133.03,135.75,2964
11/5/2022,2967,1.7419,1.325,6.729,661.7,201.0485,788.5,92.69,102.02,2967
12/5/2022,2972,1.7419,1.309,6.7292,676.85,202.0633,791,14.69,144.73,2972
13/5/2022,2993,1.5983,1.31,6.7898,693.07,203.5021,781.75,106.97,140,2993
16/5/2022,3000,1.5983,1.311,6.7871,698.87,205.2266,808.5,72.17,124.37,3000
17/5/2022,3010,1.5983,1.325,6.7854,722.1,205.2518,801.75,97.79,101.23,3010
18/5/2022,3007,1.5983,1.326,6.7421,703.06,205.4313,782.5,56.29,97.83,3007
19/5/2022,2998,1.5983,1.414,6.7524,693.47,204.5404,782.25,80.23,157.59,2998
20/5/2022,3010,1.4916,1.322,6.7487,695.8,204.9279,778.25,61.35,185.12,3010
23/5/2022,2984,1.4916,1.323,6.6756,703.36,206.4149,786,47.36,135.77,2984
24/5/2022,2955,1.4916,1.325,6.6566,685.38,205.5145,770,55.09,135.79,2955
25/5/2022,2943,1.4916,1.347,6.655,706.53,205.3125,770.75,105.21,100.89,2943
26/5/2022,2936,1.4916,1.364,6.6766,711.05,204.6442,763.5,89.43,132.56,2936
27/5/2022,2944,1.4003,1.381,6.7387,726.4,207.3412,776.25,95.98,145.02,2944
30/5/2022,2922,1.4003,1.405,6.7048,729.98,206.9336,753,81.41,82.99,2922
31/5/2022,2935,1.4003,1.588,6.6607,753.08,207.3838,753,39.35,72.9,2935
1/6/2022,2875,1.4003,1.413,6.6651,730.12,206.4722,729.75,31.66,161.66,2875
2/6/2022,2875,1.4003,1.432,6.7095,711.26,206.551,728.75,103.78,144.13,2875
6/6/2022,2891,1.4003,1.454,6.6691,746.2,207.7938,743,180.75,127.27,2891
7/6/2022,2881,1.4003,1.421,6.6649,749.87,207.7527,757.25,177.46,167.65,2881
8/6/2022,2896,1.4003,1.419,6.6634,753.72,208.8244,763.5,80.26,110.13,2896
9/6/2022,2851,1.4003,1.414,6.6811,766.04,208.3536,715.5,89.46,112.11,2851
10/6/2022,2867,1.3862,1.403,6.6994,763.31,207.6986,720.5,118.17,93.65,2867
13/6/2022,2886,1.3862,1.408,6.7182,748.65,205.6978,718.75,78.51,95.37,2886
14/6/2022,2888,1.3862,1.413,6.7482,768.16,204.8219,720,109.24,120.62,2888
15/6/2022,2880,1.3862,1.413,6.7518,750.61,203.4583,721.5,177.48,140.82,2880
16/6/2022,2887,1.3862,1.413,6.7099,739.34,201.173,735.5,50.41,189.54,2887
17/6/2022,2905,1.3975,1.414,6.6923,735.48,200.0782,732.5,72.11,108.29,2905
20/6/2022,2902,1.3975,1.418,6.712,689.97,198.1215,701.5,72.58,165.42,2902
21/6/2022,2900,1.3975,1.438,6.6851,705.16,195.1084,701.5,108.87,140.11,2900
22/6/2022,2857,1.3975,1.444,6.7109,680.45,192.851,693,105.44,96.97,2857
23/6/2022,2829,1.3975,1.437,6.7079,691.34,186.5864,655.5,137.73,96.96,2829
24/6/2022,2786,1.4152,1.435,6.7,672.73,182.3078,673.5,79.63,111.86,2786
27/6/2022,2797,1.4152,1.438,6.685,696.06,181.2014,652.5,137.9,140.94,2797
28/6/2022,2815,1.4152,1.438,6.693,722.09,183.2532,657,48.32,129.96,2815
29/6/2022,2811,1.4152,1.372,6.7035,721.26,184.649,653.25,106.21,135.33,2811
30/6/2022,2780,1.4152,1.901,6.7114,724.67,184.9167,623.25,93.84,158.37,2780
1/7/2022,2704,1.551,1.441,6.6863,687.83,181.0912,607,28.32,177.73,2704
4/7/2022,2719,1.551,1.418,6.7071,707.2,178.3796,578,195.54,309.83,2719
5/7/2022,2691,1.551,1.367,6.6986,711.53,176.3041,578,79.74,116.59,2691
6/7/2022,2688,1.551,1.21,6.7246,659.65,170.3225,585.5,63.81,91.52,2688
7/7/2022,2718,1.551,1.222,6.7143,632.41,170.9546,596.75,167.6,93.67,2718
8/7/2022,2726,1.4371,1.216,6.7098,664.58,173.8127,625.5,88.38,104.33,2726
11/7/2022,2743,1.4371,1.223,6.696,669.35,174.3945,627,80.01,200.3,2743
12/7/2022,2711,1.4371,1.211,6.7287,665.02,173.4297,586.5,26.49,126.67,2711
13/7/2022,2705,1.4371,1.219,6.7282,643.09,167.8224,597,87.03,52.82,2705
14/7/2022,2707,1.4371,1.195,6.7265,631.29,168.2847,602,245.34,203.03,2707
15/7/2022,2682,1.4718,1.211,6.7503,619.77,167.1695,605,106.23,210.77,2682
18/7/2022,2681,1.4718,1.218,6.7447,656.33,169.9009,609.5,122.1,182.94,2681
19/7/2022,2612,1.4718,1.242,6.7451,660.16,171.183,595.25,111.22,177.18,2612
20/7/2022,2620,1.4718,1.27,6.7465,658.26,168.5061,589.75,82.72,113.33,2620
21/7/2022,2618,1.4718,1.254,6.762,654.51,168.6688,573,40.31,132.76,2618
22/7/2022,2564,1.4451,1.194,6.7522,652.39,167.2469,562.5,71.55,138.82,2564
25/7/2022,2599,1.4451,1.074,6.7543,630.69,168.0449,582.25,53.56,120.62,2599
26/7/2022,2625,1.4451,1.018,6.7483,665.88,170.215,599.25,109.63,94.68,2625
27/7/2022,2647,1.4451,1.008,6.7731,647.78,170.8236,604.25,73.36,181.99,2647
28/7/2022,2672,1.4451,1.014,6.7411,678.07,173.7855,618.75,112.89,111,2672
29/7/2022,2670,1.3664,1.254,6.7437,672.68,176.5952,622.25,38.76,130.23,2670
1/8/2022,2667,1.3664,1.177,6.7467,677.41,177.8904,611,28.11,141.32,2667
2/8/2022,2684,1.3664,1.076,6.7462,666.71,174.3883,593,68.74,96.66,2684
3/8/2022,2685,1.3664,1.026,6.7813,665.77,173.9971,595.5,96.23,115.69,2685
4/8/2022,2658,1.3664,1.025,6.7636,645.83,172.4744,606,118.9,78.43,2658
5/8/2022,2688,1.2715,1.019,6.7405,638,172.6791,609,58.92,107.43,2688
8/8/2022,2685,1.2715,1.013,6.7695,647.04,174.5433,607.75,133.1,227.88,2685
9/8/2022,2705,1.2715,1.018,6.7584,652.91,176.1229,613.5,33.9,189.05,2705
10/8/2022,2722,1.2715,1.068,6.7612,653.8,177.244,618.5,37.39,84.3,2722
11/8/2022,2707,1.2715,1.03,6.7324,668.33,178.2724,628,109.17,99.36,2707
12/8/2022,2757,1.3127,1.044,6.7413,679.13,180.61,639.5,108.48,48.55,2757
15/8/2022,2718,1.3127,1.043,6.741,669.47,180.6742,627,113.2,145.63,2718
16/8/2022,2755,1.3127,1.075,6.773,659.93,178.6728,610,58.45,103.94,2755
17/8/2022,2725,1.3127,1.138,6.7863,659.6,178.8392,612.25,166.72,75.77,2725
18/8/2022,2687,1.3127,1.187,6.7802,672.78,176.9001,615,129.62,92.67,2687
19/8/2022,2686,1.2739,1.211,6.8065,685.19,175.7646,623.25,83.47,98.49,2686
22/8/2022,2688,1.2739,1.1433,6.8198,689.48,177.533,627.75,93.23,169.02,2688
23/8/2022,2737,1.2739,1.109,6.8523,703.62,179.6757,655.75,192.35,93.31,2737
24/8/2022,2755,1.2739,1.122,6.8388,721.18,181.7249,656.75,224.07,137.29,2755
25/8/2022,2726,1.2739,1.153,6.8536,729.01,181.8221,650.75,132.5,66.37,2726
26/8/2022,2759,1.3143,1.258,6.8486,719.32,180.7943,665,133.85,121.88,2759
29/8/2022,2806,1.3143,1.235,6.8698,711.6,180.8472,683,73.76,97.52,2806
30/8/2022,2792,1.3143,1.124,6.8802,719.49,179.9165,678.5,27.07,83.23,2792
31/8/2022,2797,1.3143,1.401,6.8906,699.79,179.331,671,24.48,126.46,2797
1/9/2022,2799,1.3143,1.463,6.8821,675.61,178.7553,658.5,31.44,75.93,2799
2/9/2022,2790,1.2957,1.175,6.8917,669.41,175.0273,664.25,54.01,65.23,2790
5/9/2022,2801,1.2957,1.033,6.8998,678.57,176.5271,676,84.05,158.69,2801
6/9/2022,2827,1.2957,1.069,6.9096,677.35,176.9009,676,71.18,91.55,2827
7/9/2022,2797,1.2957,1.113,6.916,656.89,175.361,670.25,109.85,87.66,2797
8/9/2022,2805,1.2957,1.159,6.9148,632.25,174.589,669,58.3,47.62,2805
9/9/2022,2817,1.2549,1.173,6.9098,633.9,174.1458,685,177.71,66.03,2817
13/9/2022,2839,1.2549,1.171,6.8928,649.2,178.9496,690.75,157.88,95.35,2839
14/9/2022,2839,1.2549,1.173,6.9116,644.02,178.9351,682.25,132.75,116.73,2839
15/9/2022,2831,1.2549,1.226,6.9101,669.48,178.6898,676.5,197.84,118.58,2831
16/9/2022,2835,1.254,1.294,6.9305,656,177.6209,679.25,59.8,123.3,2835
19/9/2022,2848,1.254,1.41,6.9396,631.88,177.3842,678,43.55,65.09,2848
20/9/2022,2834,1.254,1.458,6.9468,637.02,175.3317,691.5,29.23,78.61,2834
21/9/2022,2849,1.254,1.468,6.9536,649.68,176.2733,685.75,182.8,70.88,2849
22/9/2022,2846,1.254,1.461,6.9798,641.05,178.0252,687,112.74,139.2,2846
23/9/2022,2828,1.2388,1.465,6.992,641.08,177.1604,675,117.84,133.87,2828
26/9/2022,2782,1.2388,1.429,7.0298,604.57,173.4171,666,81.56,85.96,2782
27/9/2022,2777,1.2388,1.399,7.0722,602.65,172.506,668.5,99.39,194.98,2777
28/9/2022,2755,1.2388,1.27,7.1107,602.87,172.6308,670.75,63.44,155.79,2755
29/9/2022,2766,1.2388,0.964,7.1102,626.24,172.9169,669.5,113.72,93.12,2766
30/9/2022,2773,1.2388,2.081,7.0998,625.24,173.34,678,103.94,192.84,2773
10/10/2022,2804,1.2388,1.11,7.0992,691.09,176.5473,697,87.44,181.4,2804
11/10/2022,2827,1.2388,1.183,7.1075,687.74,176.9793,693,73.36,155.85,2827
12/10/2022,2840,1.2388,1.155,7.1103,679.05,177.4654,693,94.17,186.85,2840
13/10/2022,2842,1.2388,1.182,7.1101,670.95,178.8109,697.75,76.91,169.02,2842
14/10/2022,2870,1.234,1.133,7.1088,679.69,179.2609,690.75,123.47,180.93,2870
17/10/2022,2855,1.234,1.167,7.1095,665.48,179.0067,682.75,39.26,129.16,2855
18/10/2022,2855,1.234,1.134,7.1086,669.21,178.0675,681.75,93.53,73.35,2855
19/10/2022,2853,1.3056,1.116,7.1105,654.15,178.6036,678.25,139.16,70.66,2853
20/10/2022,2855,1.3056,1.154,7.1188,664.89,179.0108,683.75,175.59,78.35,2855
21/10/2022,2878,1.3056,1.23,7.1186,657.06,179.1813,683.5,57.05,107.34,2878
24/10/2022,2880,1.3056,1.394,7.123,658.62,178.7431,681.75,68.39,168.29,2880
25/10/2022,2856,1.3056,1.763,7.1668,665.01,177.9603,684.5,43.25,104.95,2856
26/10/2022,2871,1.3056,1.775,7.1638,659.15,178.8351,685.5,54.54,84.81,2871
27/10/2022,2873,1.3056,1.764,7.157,672.02,178.5252,681.75,141.48,150.79,2873
28/10/2022,2857,1.3813,1.327,7.1698,676.24,176.2954,679.75,141.46,204.29,2857
31/10/2022,2885,1.3813,1.739,7.1768,670.07,174.8069,688.75,310.03,161.13,2885
1/11/2022,2882,1.3813,1.843,7.2081,681.57,177.0963,696.75,157.4,127.48,2882
2/11/2022,2857,1.3813,1.755,7.2197,687.98,180.5284,686.5,149.74,98.2,2857
3/11/2022,2840,1.3813,1.324,7.2472,691.31,180.3736,678.75,100.98,140.73,2840
4/11/2022,2867,1.4092,1.386,7.2555,697.88,180.9938,680.25,39.35,122.07,2867
7/11/2022,2887,1.4092,1.62,7.2292,703.58,182.0421,675.5,105.44,245.52,2887
8/11/2022,2892,1.4092,1.756,7.215,703.54,182.3122,666.75,143.92,123.6,2892
9/11/2022,2871,1.4092,1.808,7.2189,680.96,181.4879,664,272.34,146.6,2871
10/11/2022,2875,1.4092,1.826,7.2422,662.17,181.4083,653,152.18,119.57,2875
11/11/2022,2881,1.572,1.704,7.1907,669.58,181.9375,657.5,184.92,183.98,2881
14/11/2022,2851,1.572,1.646,7.0899,657.41,181.2874,657.25,98.79,215.52,2851
15/11/2022,2840,1.572,1.853,7.0421,644.77,179.6912,668.75,13.81,95.09,2840
16/11/2022,2828,1.572,1.936,7.0363,639.52,179.8584,667,60.44,107.83,2828
17/11/2022,2814,1.572,1.699,7.0655,627.98,178.8983,668.75,102.97,91.22,2814
18/11/2022,2816,1.902,1.364,7.1091,616.93,178.6306,669.25,65.07,133.39,2816
21/11/2022,2853,1.902,1.139,7.1256,599.19,177.417,663,30.23,122.23,2853
22/11/2022,2856,1.902,0.871,7.1667,593.14,177.4609,660,39.63,125.51,2856
23/11/2022,2879,1.902,1.039,7.1281,596.45,178.4225,665.75,82.31,183.38,2879
24/11/2022,2889,1.902,1.044,7.1201,570.71,179.4512,665.75,68.86,226.25,2889
25/11/2022,2934,1.8346,1.021,7.1339,573.53,180.7256,670.5,94.17,189.26,2934
28/11/2022,2936,1.8346,1.033,7.1617,550.25,179.46,664.75,108.17,183.05,2936
29/11/2022,2912,1.8346,1.023,7.1989,575.05,180.8308,669,90.44,90.52,2912
30/11/2022,2908,1.8346,1.515,7.1769,572.95,181.8227,666,118.22,89.9,2908
1/12/2022,2887,1.8346,1.458,7.1225,574.88,182.395,659.75,90.31,177.11,2887
2/12/2022,2886,1.9094,1.157,7.0542,575.67,181.3315,646.5,5.94,48.03,2886
5/12/2022,2834,1.9094,1.08,7.0384,562.28,180.734,640.5,13.98,187.14,2834
6/12/2022,2828,1.9094,1.043,6.9746,548.26,180.1907,637.5,77.35,105.68,2828
7/12/2022,2808,1.9094,1.007,6.9975,520.12,180.6917,642.25,130.07,151.37,2808
8/12/2022,2829,1.9094,1.064,6.9606,517.4,181.3663,642.25,88.38,81.81,2829
9/12/2022,2817,1.954,1.071,6.9588,507.57,182.7331,644,150.25,114.31,2817
12/12/2022,2811,1.954,1.052,6.9565,507.84,181.3889,654.75,150.05,169.7,2811
13/12/2022,2816,1.954,1.032,6.9746,528.56,180.0822,652.5,130.78,122.35,2816
14/12/2022,2787,1.954,1.199,6.9535,531.02,180.7944,651,54.95,120.9,2787
15/12/2022,2791,1.954,1.223,6.9343,538.54,180.3466,654,134.15,114.95,2791
16/12/2022,2817,2.048,1.224,6.9791,537.83,180.5585,653.5,111.9,99.07,2817
19/12/2022,2787,2.048,1.217,6.9746,535.54,178.5976,647.5,208.74,87.27,2787
20/12/2022,2761,2.048,1.166,6.9861,537.65,178.108,652,133.6,72.84,2761
21/12/2022,2745,2.048,0.921,6.965,543.89,178.6015,662.75,179.47,147.63,2745
22/12/2022,2754,2.048,0.783,6.9713,548.45,179.1245,660,102.02,98.69,2754
23/12/2022,2752,2.125,0.585,6.981,546.94,177.7421,666,55.37,84.14,2752
26/12/2022,2776,2.125,0.82,6.9825,561.82,180.0148,674,170.13,170.29,2776
27/12/2022,2788,2.125,0.632,6.9546,568.66,183.1629,674,285.23,69.63,2788
28/12/2022,2822,2.125,0.522,6.9681,562.02,183.7088,683,248.7,85.9,2822
29/12/2022,2816,2.125,0.441,6.9793,555.69,183.7333,679.75,196.49,123.69,2816
30/12/2022,2824,2.125,1.957,6.9646,566.2,184.8329,678.5,215.14,199.3,2824
3/1/2023,2840,2.125,1.475,6.9475,569.82,185.6049,672.25,86.08,117.52,2840
4/1/2023,2875,2.125,1.003,6.9131,542.06,185.003,654.75,38.8,114.2,2875
5/1/2023,2878,2.125,0.574,6.8926,524.31,183.4314,653.75,63.81,176.02,2878
6/1/2023,2886,2.125,0.539,6.8912,529.32,182.6334,653.25,97.65,158.88,2886
9/1/2023,2890,2.125,0.671,6.8265,526.61,182.5847,652.5,104.4,152.51,2890
10/1/2023,2874,2.125,1.116,6.7611,522.7,181.2694,655,82,386.86,2874
11/1/2023,2873,2.125,1.426,6.7756,520.81,181.0027,656.5,92.72,363.84,2873
12/1/2023,2880,2.125,1.465,6.768,532.41,181.5827,672.25,40.25,189.53,2880
13/1/2023,2877,1.6812,1.242,6.7292,541.65,181.9564,675.75,47.22,141.92,2877
16/1/2023,2880,1.6812,1.568,6.7135,542.63,181.5662,686.25,94.69,166.37,2880
17/1/2023,2884,1.6812,1.852,6.7222,548.49,181.8802,686.25,72.81,77.74,2884
18/1/2023,2898,1.6812,1.933,6.7602,564.16,183.7561,680.25,108.48,310.18,2898
19/1/2023,2874,1.6812,1.656,6.7674,551.33,184.0603,676.25,125.56,106.38,2874
20/1/2023,2859,1.6812,1.834,6.7702,565.15,183.8583,677,161.38,119.88,2859
30/1/2023,2892,1.6812,1.411,6.7626,554.31,186.1691,683.75,45.02,191.88,2892
31/1/2023,2842,1.6812,1.988,6.7604,542.52,186.2473,679.25,98.38,159.34,2842
1/2/2023,2830,1.6812,2.119,6.7492,553.44,185.172,681,42.77,138.29,2830
2/2/2023,2834,1.6812,1.635,6.713,536.07,184.1523,673.75,104.55,118.3,2834
3/2/2023,2837,1.714,1.262,6.7382,532.8,183.4829,677,153.45,116.56,2837
6/2/2023,2788,1.714,1.782,6.7737,519.83,184.3836,678,225.51,220.33,2788
7/2/2023,2794,1.714,2.241,6.7967,532.61,184.2876,674,117.53,191.66,2794
8/2/2023,2786,1.714,2.365,6.7752,545.11,184.6288,678.5,64.4,140.71,2786
9/2/2023,2771,1.714,2.318,6.7905,554.1,184.4758,670.75,129.12,131.59,2771
10/2/2023,2769,1.7686,1.865,6.7884,550.32,183.3474,680.75,104.77,100.68,2769
13/2/2023,2793,1.7686,1.412,6.8151,557.12,183.4863,684.75,267.1,70.7,2793
14/2/2023,2853,1.7686,1.576,6.8136,566.44,182.9163,682.25,57.61,106.7,2853
15/2/2023,2846,1.7686,1.902,6.8183,560.93,183.068,673.75,106.35,203.27,2846
16/2/2023,2856,1.7686,2.005,6.8519,572.24,182.5375,674.25,59,220.29,2856
17/2/2023,2868,1.7811,2.115,6.8659,563.18,183.9856,677.75,42.33,99.2,2868
20/2/2023,2877,1.7811,2.157,6.8643,555.64,184.7503,680.25,14.16,96.09,2877
21/2/2023,2875,1.7811,2.195,6.8557,548.64,185.4379,680.25,113.92,70.31,2875
22/2/2023,2877,1.7811,1.765,6.8759,546.53,185.9641,675,63.97,133.75,2877
23/2/2023,2863,1.7811,1.475,6.9028,535.73,185.5998,660,45.91,187.78,2863
24/2/2023,2867,1.801,1.433,6.8942,551.84,185.3219,649.25,52.47,84.35,2867
27/2/2023,2844,1.801,1.817,6.9572,547.91,184.6026,643.5,107.12,125.22,2844
28/2/2023,2837,1.801,2.083,6.9519,547.8,183.9293,630.25,50.18,95.06,2837
